pp_id,ca_id,supply_pf_id,pp_eff,erg_max,discharge_duration,st_lss_rt,st_lss_hr,factor_lin_0,factor_lin_1,cap_avlb,vc_ramp,vc_om,cap_pwr_leg,cap_pwr_leg_yr2020,cap_pwr_leg_yr2025,cap_pwr_leg_yr2030,cap_pwr_leg_yr2035,cap_pwr_leg_yr2040,cap_pwr_leg_yr2045,cap_pwr_leg_yr2050,erg_chp,erg_chp_yr2020,erg_chp_yr2025,erg_chp_yr2030,erg_chp_yr2035,erg_chp_yr2040,erg_chp_yr2045,erg_chp_yr2050,cap_pwr_leg_old,fc_om_yr2020,fc_om_yr2050,fc_cp_ann_yr2025,fc_cp_ann_yr2020,fc_om_yr2045,fc_om_yr2040,pwr_pot,fc_cp_ann,fc_cp_ann_yr2045,fc_om_yr2025,fc_cp_ann_yr2040,fc_om_yr2035,fc_cp_ann_yr2050,fc_cp_ann_yr2035,fc_cp_ann_yr2030,fc_om_yr2030,fc_om,cap_pwr_leg_hp_fossil,cap_pwr_leg_hp_retr_1pc,cap_pwr_leg_hp_retr_1pc_fossil,cap_pwr_leg_hp_retr_2pc,cap_pwr_leg_hp_retr_2pc_fossil,cap_pwr_leg_yr2020_hp_fossil,cap_pwr_leg_yr2020_hp_retr_1pc,cap_pwr_leg_yr2020_hp_retr_1pc_fossil,cap_pwr_leg_yr2020_hp_retr_2pc,cap_pwr_leg_yr2020_hp_retr_2pc_fossil,cap_pwr_leg_yr2025_hp_fossil,cap_pwr_leg_yr2025_hp_retr_1pc,cap_pwr_leg_yr2025_hp_retr_1pc_fossil,cap_pwr_leg_yr2025_hp_retr_2pc,cap_pwr_leg_yr2025_hp_retr_2pc_fossil,cap_pwr_leg_yr2030_hp_fossil,cap_pwr_leg_yr2030_hp_retr_1pc,cap_pwr_leg_yr2030_hp_retr_1pc_fossil,cap_pwr_leg_yr2030_hp_retr_2pc,cap_pwr_leg_yr2030_hp_retr_2pc_fossil,cap_pwr_leg_yr2035_hp_fossil,cap_pwr_leg_yr2035_hp_retr_1pc,cap_pwr_leg_yr2035_hp_retr_1pc_fossil,cap_pwr_leg_yr2035_hp_retr_2pc,cap_pwr_leg_yr2035_hp_retr_2pc_fossil,cap_pwr_leg_yr2040_hp_fossil,cap_pwr_leg_yr2040_hp_retr_1pc,cap_pwr_leg_yr2040_hp_retr_1pc_fossil,cap_pwr_leg_yr2040_hp_retr_2pc,cap_pwr_leg_yr2040_hp_retr_2pc_fossil,cap_pwr_leg_yr2045_hp_fossil,cap_pwr_leg_yr2045_hp_retr_1pc,cap_pwr_leg_yr2045_hp_retr_1pc_fossil,cap_pwr_leg_yr2045_hp_retr_2pc,cap_pwr_leg_yr2045_hp_retr_2pc_fossil,cap_pwr_leg_yr2050_hp_fossil,cap_pwr_leg_yr2050_hp_retr_1pc,cap_pwr_leg_yr2050_hp_retr_1pc_fossil,cap_pwr_leg_yr2050_hp_retr_2pc,cap_pwr_leg_yr2050_hp_retr_2pc_fossil
32,0.0,25.0,1.0,,0.0,0.0,,0.0,0.0,1.0,0.0,0.0,39756.64,52802.8676680286,55900.7646514898,63959.3253311656,63959.3253311656,65956.2802500185,70530.7925396692,86140.7925396692,,,,,,,,,39224.0,,,,,,,,,,,,,,,,,,,,,,,,,,,,,,,,,,,,,,,,,,,,,,,,,,,,,,,,,
33,0.0,26.0,1.0,,0.0,0.0,,0.0,0.0,1.0,0.0,0.0,876.0,1089.65065061156,2692.02554745263,2821.02554745263,2888.02554745263,2930.02554745263,3196.78750743447,4008.78750743447,,,,,,,,,931.563,,,,,,,,,,,,,,,,,,,,,,,,,,,,,,,,,,,,,,,,,,,,,,,,,,,,,,,,,
34,0.0,29.0,1.0,,0.0,0.0,,0.0,0.0,1.0,0.0,0.0,18904.953,20056.8173441047,23014.953,24562.0153018299,25711.0153018299,27050.4655160395,49227.4508654388,56764.63481652,,,,,,,,,18900.79,,,,,,,,,,,,,,,,,,,,,,,,,,,,,,,,,,,,,,,,,,,,,,,,,,,,,,,,,
35,0.0,27.0,1.0,,0.0,0.0,,0.0,0.0,1.0,0.0,0.0,0.0,0.0,0.0,0.0,0.0,0.0,0.0,0.0,,,,,,,,,0.0,,,,,,,,,,,,,,,,,,,,,,,,,,,,,,,,,,,,,,,,,,,,,,,,,,,,,,,,,
36,0.0,28.0,1.0,,0.0,0.0,,0.0,0.0,1.0,0.0,0.0,6100.17,20535.2843502967,24531.6723302685,25381.6723302685,25731.6723302685,31850.0812452205,35312.3341798765,45200.004896947,,,,,,,,,6196.2,,,,,,,,,,,,,,,,,,,,,,,,,,,,,,,,,,,,,,,,,,,,,,,,,,,,,,,,,
26,0.0,31.0,1.0,,0.0,0.0,,0.0,0.0,1.0,0.0,0.0,2411.5,2582.7889976764,3663.84,4544.58880778011,4544.58880778011,5025.68442860955,5986.22638810337,6802.66466209749,,,,,,,,,2421.0,,,,,,,,,,,,,,,,,,,,,,,,,,,,,,,,,,,,,,,,,,,,,,,,,,,,,,,,,
25,0.0,30.0,1.0,,0.0,0.0,,0.0,0.0,1.0,0.0,0.0,41282.5932405567,55095.9646647334,53125.6717882644,55282.4812024037,53452.4747311941,55194.4399136395,64608.1258708442,68828.785992298,,,,,,,,,41297.0,,,,,,,,,,,,,,,,,,,,,,,,,,,,,,,,,,,,,,,,,,,,,,,,,,,,,,,,,
27,0.0,34.0,1.0,,0.0,0.0,,0.0,0.0,1.0,0.0,0.0,8957.8,8963.48275625162,12569.6664818425,15577.4420761065,15846.2694302456,17735.6922396904,19793.1643985445,25957.2787707973,,,,,,,,,9136.62911418825,,,,,,,,,,,,,,,,,,,,,,,,,,,,,,,,,,,,,,,,,,,,,,,,,,,,,,,,,
28,0.0,32.0,1.0,,0.0,0.0,,0.0,0.0,1.0,0.0,0.0,60.288,240.568875087078,432.480774373323,705.809843053732,880.275206041227,1362.96271030663,1851.46572667162,2334.15323093702,,,,,,,,,60.288,,,,,,,,,,,,,,,,,,,,,,,,,,,,,,,,,,,,,,,,,,,,,,,,,,,,,,,,,
29,0.0,33.0,1.0,,0.0,0.0,,0.0,0.0,1.0,0.0,0.0,10358.2,20469.9633229586,20979.2811589325,22914.9118889701,22914.9118889701,27463.5438533657,31903.1223286198,42870.4234066731,,,,,,,,,10324.5,,,,,,,,,,,,,,,,,,,,,,,,,,,,,,,,,,,,,,,,,,,,,,,,,,,,,,,,,
31,0.0,35.0,1.0,,0.0,0.0,,0.0,0.0,1.0,0.0,0.0,3663.60675944334,6736.01328757533,8881.08522754397,11931.4707631087,13761.4772343183,14209.9506552731,16633.5283407322,17720.1481551987,,,,,,,,,3283.0,,,,,,,,,,,,,,,,,,,,,,,,,,,,,,,,,,,,,,,,,,,,,,,,,,,,,,,,,
30,0.0,36.0,1.0,,0.0,0.0,,0.0,0.0,1.0,0.0,0.0,0.0,1659.72675591556,4150.40891994172,7856.54121907545,7856.54121907545,9416.07217829681,10938.2133698125,14698.4308822879,,,,,,,,,0.001,,,,,,,,,,,,,,,,,,,,,,,,,,,,,,,,,,,,,,,,,,,,,,,,,,,,,,,,,
37,0.0,,0.33,,0.0,0.0,,0.0,0.0,1.0,27.0,3.89,10800.0,6907.2,0.0,0.0,0.0,0.0,0.0,0.0,,,,,,,,,10800.0,,,,,,,,,,,,,,,,,,,,,,,,,,,,,,,,,,,,,,,,,,,,,,,,,,,,,,,,,
38,0.0,,0.33,,0.0,0.0,,0.0,0.0,1.0,27.0,3.89,3333.0,2874.51630735213,2166.94306246545,1194.02985074627,0.0,0.0,0.0,0.0,,,,,,,,,3333.0,,,,,,,,,,,,,,,,,,,,,,,,,,,,,,,,,,,,,,,,,,,,,,,,,,,,,,,,,
39,0.0,,0.33,,0.0,0.0,,0.0,0.0,1.0,27.0,3.89,63246.72,61326.72,59493.12,59493.12,56330.16,42452.16,39118.56,32276.4,,,,,,,,,63130.0,,,,,,,,,,,,,,,,,,,,,,,,,,,,,,,,,,,,,,,,,,,,,,,,,,,,,,,,,
10,0.0,,0.0,,0.0,0.0,,1.63934426229508,0.000172029080742573,1.0,11.425,3.03333333333333,4073.87265,3527.0057198665,3194.68688920177,2902.3660922104,3114.75954118723,3045.50220700512,3062.81461366841,2850.45101586374,4970233.20149227,4303040.97275442,3897603.14306406,3540963.98040069,3800089.64842669,3715593.85502019,3736715.45252414,3477626.2037237,3996.3,,,,,,,,,,,,,,,,,,,,,,,,,,,,,,,,,,,,,,,,,,,,,,,,,,,,,,,,,
11,0.0,,0.0,,0.0,0.0,,1.63934426229508,0.00544953859108333,1.0,11.425,3.03333333333333,266.983909570742,267.205289263586,124.584466119147,71.1434082664299,71.0320727292368,0.0,0.0,0.0,570972.811079253,571446.254537858,266436.816178277,152147.565270705,151909.462664648,0.0,0.0,0.0,310.85,,,,,,,,,,,,,,,,,,,,,,,,,,,,,,,,,,,,,,,,,,,,,,,,,,,,,,,,,
12,0.0,,0.0,,0.0,0.0,,1.63934426229508,7.04687186357373e-05,1.0,11.425,3.03333333333333,25177.76772,21891.23262,21891.23262,21891.23262,21891.23262,21891.23262,21891.23262,20023.9026197983,54623937.4135072,47493698.9584479,47493698.9584479,47493698.9584479,47493698.9584479,47493698.9584479,47493698.9584479,43442469.3897377,24038.88,,,,,,,,,,,,,,,,,,,,,,,,,,,,,,,,,,,,,,,,,,,,,,,,,,,,,,,,,
13,0.0,,0.0,,0.0,0.0,,1.63934426229508,0.000165493266025621,1.0,11.425,3.03333333333333,9646.19544,9180.91825415021,8902.30277660842,8343.65938251004,8343.65938251004,8343.65938251004,8343.65938251004,8343.65938251004,6010635.99050905,5720717.35717567,5547109.40705253,5199013.40264192,5199013.40264192,5199013.40264192,5199013.40264192,5199013.40264192,10236.0,,,,,,,,,,,,,,,,,,,,,,,,,,,,,,,,,,,,,,,,,,,,,,,,,,,,,,,,,
14,0.0,,0.0,,0.0,0.0,,1.63934426229508,1.56515790129574e-05,1.0,11.425,3.03333333333333,52044.52014,51352.5754647232,47623.0934041995,41739.4429862532,35862.1278680811,35862.1278680811,35862.1278680811,35862.1278680811,85513395.3469998,84376473.7572527,78248630.2681935,68581312.3081094,58924403.7627489,58924403.7627489,58924403.7627489,58924403.7627489,43923.9909789552,,,,,,,,,,,,,,,,,,,,,,,,,,,,,,,,,,,,,,,,,,,,,,,,,,,,,,,,,
15,0.0,,0.58,,0.0,0.0,,0.0,0.0,1.0,11.425,3.03333333333333,0.0,0.0,0.0,0.0,0.0,0.0,0.0,0.0,0.0,0.0,0.0,0.0,0.0,0.0,0.0,0.0,1.0,,,,,,,,,,,,,,,,,,,,,,,,,,,,,,,,,,,,,,,,,,,,,,,,,,,,,,,,,
16,0.0,,0.58,,0.0,0.0,,0.0,0.0,1.0,11.425,3.03333333333333,154.515327257664,331.67495854063,1039.3864013267,1680.62465450525,3360.69651741294,3493.22830292979,3516.03095632947,3449.14317302377,930600.0,1633500.0,2445300.0,3009600.0,3227400.0,3405600.0,3415500.0,3415500.0,1.0,,,,,,,,,,,,,,,,,,,,,,,,,,,,,,,,,,,,,,,,,,,,,,,,,,,,,,,,,
17,0.0,,0.58,,0.0,0.0,,0.0,0.0,1.0,11.425,3.03333333333333,0.0,0.0,1186.8420513037,5086.7513160732,17195.078435375,20128.794255375,21402.0998249991,21402.0998249991,0.0,0.0,2574890.14320496,11035862.6156735,37305248.770254,43670035.0024108,46432510.3940702,46432510.3940702,1.0,,,,,,,,,,,,,,,,,,,,,,,,,,,,,,,,,,,,,,,,,,,,,,,,,,,,,,,,,
18,0.0,,0.58,,0.0,0.0,,0.0,0.0,1.0,11.425,3.03333333333333,0.0,0.0,0.0,0.0,4923.61363191916,14849.6925529907,18916.0995362946,26580.7334781902,0.0,0.0,0.0,0.0,3067950.41459105,9252984.46026508,11786801.2710412,16562707.472796,1.0,,,,,,,,,,,,,,,,,,,,,,,,,,,,,,,,,,,,,,,,,,,,,,,,,,,,,,,,,
19,0.0,,0.58,,0.0,0.0,,0.0,0.0,1.0,11.425,3.03333333333333,0.0,0.0,0.0,0.0,0.0,9350.9504850731,9219.371843581,9199.5035090358,0.0,0.0,0.0,0.0,0.0,15364375.0302484,15148180.5805951,15115535.2849467,1.0,,,,,,,,,,,,,,,,,,,,,,,,,,,,,,,,,,,,,,,,,,,,,,,,,,,,,,,,,
22,0.0,,0.0,,0.0,0.0,,2.38095238095238,3.95901626363881e-05,1.0,17.55,4.42916666666667,5384.8375,3855.5255,3833.533,3779.573,3479.9,2891.56,2891.56,2891.56,1356129.56582729,970984.19819559,965445.557618886,951856.150069997,876385.828935856,728216.962417818,728216.962417818,728216.962417818,3007.0,,,,,,,,,,,,,,,,,,,,,,,,,,,,,,,,,,,,,,,,,,,,,,,,,,,,,,,,,
23,0.0,,0.0,,0.0,0.0,,2.76349206349206,3.34353119951515e-05,1.0,17.55,4.42916666666667,9511.49,8858.01888364397,5103.49888364397,5098.36888364397,4803.04888364397,2226.12888364397,2214.16888364397,1901.36888364397,122639.644687478,114213.891674708,65803.7058077167,65737.5604007146,61929.7511227669,28703.353030769,28549.1426861793,24515.9490584466,8700.2,,,,,,,,,,,,,,,,,,,,,,,,,,,,,,,,,,,,,,,,,,,,,,,,,,,,,,,,,
20,0.0,,0.0,,0.0,0.0,,2.38095238095238,0.000108225108225108,1.0,17.55,4.42916666666667,872.754,804.160701075646,778.216701075646,778.216701075646,80.8567010756462,72.1167010756462,36.3967010756462,36.3967010756462,382632.937412252,352560.253180244,341185.880873473,341185.880873473,35449.2068120443,31617.4147228839,15957.0470541415,15957.0470541415,1100.0,,,,,,,,,,,,,,,,,,,,,,,,,,,,,,,,,,,,,,,,,,,,,,,,,,,,,,,,,
21,0.0,,0.0,,0.0,0.0,,2.00534500150656,5.39556297110739e-05,1.0,17.55,4.42916666666667,24612.6,23397.811875607,21563.6769520161,18742.4165925609,12593.8592336451,11362.4875772069,10210.2329724817,10210.2329724817,8143575.3637003,7741638.19973052,7134777.64954659,6201306.72986141,4166932.4569132,3759508.29672983,3378261.60959598,3378261.60959598,24612.6,,,,,,,,,,,,,,,,,,,,,,,,,,,,,,,,,,,,,,,,,,,,,,,,,,,,,,,,,
24,0.0,,0.0,,0.0,0.0,,2.40182767362398,0.000114129169122336,1.0,13.5,6.775,20679.0,19020.2809991783,16812.1874312674,13987.4230201083,11775.9245823416,10501.6918603955,9309.33006314504,9309.33006314504,4337783.86207152,3989838.385333,3526651.93314346,2934107.92826507,2470207.24475326,2202914.52567684,1952795.67264412,1952795.67264412,20679.0,,,,,,,,,,,,,,,,,,,,,,,,,,,,,,,,,,,,,,,,,,,,,,,,,,,,,,,,,
40,0.0,,1.0,,0.0,0.0,,0.0,0.0,1.0,11.705,18.8,773.0,773.0,773.0,773.0,773.0,773.0,692.0,692.0,,,,,,,,,773.218178246992,,,,,,,,,,,,,,,,,,,,,,,,,,,,,,,,,,,,,,,,,,,,,,,,,,,,,,,,,
41,0.0,,1.0,,0.0,0.0,,0.0,0.0,1.0,11.705,18.8,0.0,12.9795791896249,37.6407796499121,88.261138489449,172.628403222011,299.828279280334,438.70977660932,556.823947234906,,,,,,,,,0.0,,,,,,,,,,,,,,,,,,,,,,,,,,,,,,,,,,,,,,,,,,,,,,,,,,,,,,,,,
49,0.0,37.0,0.35,,0.0,0.0,,0.0,0.0,1.0,11.705,20.2333333333333,7467.0,7467.0,7467.0,7467.0,7467.0,7467.0,7467.0,7467.0,,,,,,,,,7467.0,,,,,,,,,,,,,,,,,,,,,,,,,,,,,,,,,,,,,,,,,,,,,,,,,,,,,,,,,
47,0.0,38.0,0.35,,0.0,0.0,,0.0,0.0,1.0,11.705,20.2333333333333,396.144535668849,486.359764882912,478.170337883431,508.692590062929,504.38789552898,646.133310682995,620.103511649137,529.182330192915,,,,,,,,,616.39375,,,,,,,,,,,,,,,,,,,,,,,,,,,,,,,,,,,,,,,,,,,,,,,,,,,,,,,,,
51,0.0,41.0,0.35,,0.0,0.0,,0.0,0.0,1.0,11.705,20.2333333333333,2984.40958691185,3734.39963426593,3805.94529523515,3762.16786459484,3860.92755815199,4724.89279703436,4733.284850715,4676.94219720701,,,,,,,,,2984.40958691185,,,,,,,,,,,,,,,,,,,,,,,,,,,,,,,,,,,,,,,,,,,,,,,,,,,,,,,,,
48,0.0,39.0,0.35,,0.0,0.0,,0.0,0.0,1.0,11.705,20.2333333333333,46.2,191.263345329984,407.58587783961,585.733845788713,639.178236173444,662.082974909757,672.262858792563,674.807829763265,,,,,,,,,46.2,,,,,,,,,,,,,,,,,,,,,,,,,,,,,,,,,,,,,,,,,,,,,,,,,,,,,,,,,
50,0.0,40.0,0.35,,0.0,0.0,,0.0,0.0,1.0,11.705,20.2333333333333,922.9718,1568.45843059428,1786.53618614743,1859.73691783003,1875.66347268543,1901.44548864406,1950.16381605083,1970.61514296984,,,,,,,,,922.9718,,,,,,,,,,,,,,,,,,,,,,,,,,,,,,,,,,,,,,,,,,,,,,,,,,,,,,,,,
44,0.0,,0.21,,0.0,0.0,,0.0,0.0,1.0,11.705,20.2333333333333,1924.0,1924.0,1924.0,1924.0,1924.0,1924.0,1924.0,1924.0,,,,,,,,,1924.0,,,,,,,,,,,,,,,,,,,,,,,,,,,,,,,,,,,,,,,,,,,,,,,,,,,,,,,,,
42,0.0,,0.21,,0.0,0.0,,0.0,0.0,1.0,11.705,20.2333333333333,237.138024331151,291.142205366449,286.23989228574,304.510967431993,301.934113114399,386.785031607745,371.203205882939,316.776431311937,,,,,,,,,1.0,,,,,,,,,,,,,,,,,,,,,,,,,,,,,,,,,,,,,,,,,,,,,,,,,,,,,,,,,
46,0.0,,0.21,,0.0,0.0,,0.0,0.0,1.0,11.705,20.2333333333333,916.759056476757,1147.14303969226,1169.12063048033,1155.67296023266,1186.01023159127,1451.40542422838,1453.98331810994,1436.67582851605,,,,,,,,,916.759056476757,,,,,,,,,,,,,,,,,,,,,,,,,,,,,,,,,,,,,,,,,,,,,,,,,,,,,,,,,
43,0.0,,0.21,,0.0,0.0,,0.0,0.0,1.0,11.705,20.2333333333333,439.268492108766,470.228803004725,506.818261336313,532.149424796644,532.149424796644,534.963998514458,534.963998514458,534.963998514458,,,,,,,,,439.268492108766,,,,,,,,,,,,,,,,,,,,,,,,,,,,,,,,,,,,,,,,,,,,,,,,,,,,,,,,,
45,0.0,,0.21,,0.0,0.0,,0.0,0.0,1.0,11.705,20.2333333333333,779.9282,1325.37631219959,1509.65603921683,1571.51200805563,1584.97024075633,1606.75651992432,1647.92440544516,1665.20615402249,,,,,,,,,779.9282,,,,,,,,,,,,,,,,,,,,,,,,,,,,,,,,,,,,,,,,,,,,,,,,,,,,,,,,,
52,0.0,,0.0,,0.0,0.0,,2.22222222222222,0.0102171136653895,1.0,11.25,5.2125,970.58312,815.01612,482.888652858483,422.957882858483,384.782132858483,8.4377,3.2205,0.0,2931692.34970696,2461794.84750554,1458588.07986019,1277564.34649767,1162252.68290792,25486.4730587138,9727.67300159853,0.0,174.0,,,,,,,,,,,,,,,,,,,,,,,,,,,,,,,,,,,,,,,,,,,,,,,,,,,,,,,,,
54,0.0,,0.0,,0.0,0.0,,2.22222222222222,0.000423280423280423,1.0,11.25,5.2125,5028.38102,1673.8347,1458.16054239206,1248.11304239206,1060.97281239206,862.853412392064,833.376622392064,674.145372392064,2633553.19956385,876650.498876872,763693.790629725,653683.975644506,555671.56379199,451908.945627136,436470.836560101,353075.412418584,4200.0,,,,,,,,,,,,,,,,,,,,,,,,,,,,,,,,,,,,,,,,,,,,,,,,,,,,,,,,,
56,0.0,,0.0,,0.0,0.0,,2.22222222222222,0.000555920378303817,1.0,11.25,5.2125,13927.99768,8629.21162803748,6039.68779099336,2331.96700345592,797.776774133129,603.408889010772,483.398183505213,128.121634787514,9049483.37207097,5606685.82348634,3924186.0526426,1515156.52908929,518342.106167135,392054.826050402,314079.878832931,83244.8877613654,3197.9,,,,,,,,,,,,,,,,,,,,,,,,,,,,,,,,,,,,,,,,,,,,,,,,,,,,,,,,,
53,0.0,,0.0,,0.0,0.0,,2.22222222222222,0.0237037037037037,1.0,11.25,5.2125,64.416256129341,64.4696692770435,30.0589833004216,17.1650494450129,17.1381870828141,0.0,0.0,0.0,17918.0258049375,17932.8832061024,8361.20679484527,4774.63015362478,4767.15811895557,0.0,0.0,0.0,75.0,,,,,,,,,,,,,,,,,,,,,,,,,,,,,,,,,,,,,,,,,,,,,,,,,,,,,,,,,
55,0.0,,0.0,,0.0,0.0,,2.22222222222222,0.000209236482996266,1.0,11.25,5.2125,7692.80211,5008.33382278701,1849.26455278701,1678.642202787,799.2099,708.2738,693.75,625.022,512974.536541064,333967.738263724,123313.405615179,111935.897177645,53293.2372611793,47229.3995222995,46260.9176261995,41677.9693788287,8496.5,,,,,,,,,,,,,,,,,,,,,,,,,,,,,,,,,,,,,,,,,,,,,,,,,,,,,,,,,
62,0.0,,1.0,,0.0,0.0,,0.0,0.0,1.0,0.0,0.0,1.0,1.0,1.0,1.0,1.0,1.0,1.0,1.0,,,,,,,,,1.0,,,,,,,,,,,,,,,,,,,,,,,,,,,,,,,,,,,,,,,,,,,,,,,,,,,,,,,,,
64,0.0,,1.0,,0.0,0.0,,0.0,0.0,1.0,0.0,0.0,1.0,1.0,1.0,1.0,1.0,1.0,1.0,1.0,,,,,,,,,1.0,,,,,,,,,,,,,,,,,,,,,,,,,,,,,,,,,,,,,,,,,,,,,,,,,,,,,,,,,
66,0.0,,1.0,,0.0,0.0,,0.0,0.0,1.0,0.0,0.0,1.0,1.0,1.0,1.0,1.0,1.0,1.0,1.0,,,,,,,,,1.0,,,,,,,,,,,,,,,,,,,,,,,,,,,,,,,,,,,,,,,,,,,,,,,,,,,,,,,,,
63,0.0,,1.0,,0.0,0.0,,0.0,0.0,1.0,0.0,0.0,1.0,1.0,1.0,1.0,1.0,1.0,1.0,1.0,,,,,,,,,1.0,,,,,,,,,,,,,,,,,,,,,,,,,,,,,,,,,,,,,,,,,,,,,,,,,,,,,,,,,
65,0.0,,1.0,,0.0,0.0,,0.0,0.0,1.0,0.0,0.0,1.0,1.0,1.0,1.0,1.0,1.0,1.0,1.0,,,,,,,,,1.0,,,,,,,,,,,,,,,,,,,,,,,,,,,,,,,,,,,,,,,,,,,,,,,,,,,,,,,,,
5,0.0,,1.0,,0.0,0.0,,0.0,0.0,1.0,2.0,0.2,3987.94919880424,3989.08863408864,4065.01828495971,4178.76252290012,4449.28722981993,4678.20492295943,4958.70692757557,5115.18347180115,,,,,,,,,3842.2,,,,,,,,,,,,,,,,,,,,,,,,,,,,,,,,,,,,,,,,,,,,,,,,,,,,,,,,,
0,0.0,,1.0,,504.030419461607,0.0,,0.0,0.0,1.0,2.0,2.0,1602.05080119576,1602.50853852372,1633.01122347491,1678.70489669885,1787.38088574959,1879.34238160114,1992.02648032713,2054.88670259879,,,,,,,,,1543.5,,,,,,,,,,,,,,,,,,,,,,,,,,,,,,,,,,,,,,,,,,,,,,,,,,,,,,,,,
57,0.0,,1.0,,5.74257425742574,0.264914821711842,,0.0,0.0,1.0,0.0,1.5,8149.2,8149.2,8149.2,8149.2,8149.2,8149.2,8149.2,8149.2,,,,,,,,,8149.2,,,,,,,,,,,,,,,,,,,,,,,,,,,,,,,,,,,,,,,,,,,,,,,,,,,,,,,,,
8,0.0,,1.0,,0.0,0.0,,0.0,0.0,1.0,2.0,0.2,4199.86902283289,5334.37379280553,5381.64039603292,5408.64988359143,5455.95868914313,5503.18309004621,5577.45918083211,5651.73527161801,,,,,,,,,4157.78,,,,,,,,,,,,,,,,,,,,,,,,,,,,,,,,,,,,,,,,,,,,,,,,,,,,,,,,,
2,0.0,,1.0,,1011.54541521031,0.0,,0.0,0.0,1.0,2.0,2.0,7635.72144687751,9698.34824703942,9784.2829783423,9833.3885390868,9919.39999782835,10005.2580016926,10140.29829374,10275.3385857873,,,,,,,,,7559.2,,,,,,,,,,,,,,,,,,,,,,,,,,,,,,,,,,,,,,,,,,,,,,,,,,,,,,,,,
60,0.0,,1.0,,20.3625377643505,0.25,,0.0,0.0,1.0,0.0,1.5,1917.516406843,2435.49244329492,2457.07275608361,2469.40436339143,2491.00394431654,2512.56498896881,2546.47690906532,2580.38882916183,,,,,,,,,1898.3,,,,,,,,,,,,,,,,,,,,,,,,,,,,,,,,,,,,,,,,,,,,,,,,,,,,,,,,,
6,0.0,,1.0,,0.0,0.0,,0.0,0.0,1.0,2.0,0.2,5448.80533372408,5698.26771192029,5698.26771192029,5700.1679848774,5738.89071895137,5752.19099708415,5752.19099708415,5819.04695481949,,,,,,,,,5656.0,,,,,,,,,,,,,,,,,,,,,,,,,,,,,,,,,,,,,,,,,,,,,,,,,,,,,,,,,
1,0.0,,1.0,,504.030419461607,0.0,,0.0,0.0,1.0,2.0,2.0,3846.20572532144,4022.29636694008,4022.29636694008,4023.637732667,4050.97135763129,4060.35976532243,4060.35976532243,4107.55208577881,,,,,,,,,3992.46041105121,,,,,,,,,,,,,,,,,,,,,,,,,,,,,,,,,,,,,,,,,,,,,,,,,,,,,,,,,
58,0.0,,1.0,,3.49909015403424,0.29993400791905,,0.0,0.0,1.0,0.0,1.5,3853.98894095448,4030.43592113963,4030.43592113963,4031.780001266,4059.16893879345,4068.57634494872,4068.57634494872,4115.8641641986,,,,,,,,,4000.53958894879,,,,,,,,,,,,,,,,,,,,,,,,,,,,,,,,,,,,,,,,,,,,,,,,,,,,,,,,,
7,0.0,,1.0,,0.0,0.0,,0.0,0.0,1.0,2.0,0.2,5228.09617785304,5311.77418784893,5311.77418784893,5348.63293219566,5423.71801196742,5483.95997716687,5513.94117347477,5531.95451893184,,,,,,,,,5203.3,,,,,,,,,,,,,,,,,,,,,,,,,,,,,,,,,,,,,,,,,,,,,,,,,,,,,,,,,
3,0.0,,1.0,,583.18866945645,0.0,,0.0,0.0,1.0,2.0,2.0,13283.903822147,13496.5186247443,13496.5186247443,13590.1718396528,13780.9531382815,13934.0200376925,14010.198308841,14055.967847202,,,,,,,,,13220.9,,,,,,,,,,,,,,,,,,,,,,,,,,,,,,,,,,,,,,,,,,,,,,,,,,,,,,,,,
59,0.0,,1.0,,5.74257425742574,0.249854481955765,,0.0,0.0,1.0,0.0,1.5,3795.9,3795.9,3795.9,3795.9,3795.9,3795.9,3795.9,3795.9,,,,,,,,,3795.9,,,,,,,,,,,,,,,,,,,,,,,,,,,,,,,,,,,,,,,,,,,,,,,,,,,,,,,,,
9,0.0,,1.0,,0.0,0.0,,0.0,0.0,1.0,2.0,0.2,10381.0428484447,10381.0525506381,10381.0525506381,10381.0525506381,10518.1000803526,10884.129152472,11271.3938419832,11665.4507956414,,,,,,,,,10322.333333,,,,,,,,,,,,,,,,,,,,,,,,,,,,,,,,,,,,,,,,,,,,,,,,,,,,,,,,,
4,0.0,,1.0,,424.872169466764,0.0,,0.0,0.0,1.0,2.0,2.0,8260.71811540141,8260.72583592483,8260.72583592483,8260.72583592483,8369.78145084824,8661.04920024141,8969.21519886069,9282.78614381371,,,,,,,,,8214.0,,,,,,,,,,,,,,,,,,,,,,,,,,,,,,,,,,,,,,,,,,,,,,,,,,,,,,,,,
61,0.0,,1.0,,20.3625377643505,0.27866203441868,,0.0,0.0,1.0,0.0,1.5,4993.23903615388,4993.2437028691,4993.2437028691,4993.2437028691,5059.1630026128,5235.22148517149,5421.49421260571,5611.03399123875,,,,,,,,,4965.0,,,,,,,,,,,,,,,,,,,,,,,,,,,,,,,,,,,,,,,,,,,,,,,,,,,,,,,,,
69,0.0,,1.0,,0.0,0.0,,0.0,0.0,1.0,0.0,0.0,1.0,1.0,1.0,1.0,1.0,1.0,1.0,1.0,,,,,,,,,1.0,,,,,,,,,,,,,,,,,,,,,,,,,,,,,,,,,,,,,,,,,,,,,,,,,,,,,,,,,
71,0.0,,1.0,,0.0,0.0,,0.0,0.0,1.0,0.0,0.0,1.0,1.0,1.0,1.0,1.0,1.0,1.0,1.0,,,,,,,,,1.0,,,,,,,,,,,,,,,,,,,,,,,,,,,,,,,,,,,,,,,,,,,,,,,,,,,,,,,,,
70,0.0,,1.0,,0.0,0.0,,0.0,0.0,1.0,0.0,0.0,1.0,1.0,1.0,1.0,1.0,1.0,1.0,1.0,,,,,,,,,1.0,,,,,,,,,,,,,,,,,,,,,,,,,,,,,,,,,,,,,,,,,,,,,,,,,,,,,,,,,
67,0.0,,1.0,,0.0,0.0,,0.0,0.0,1.0,0.0,0.0,1.0,1.0,1.0,1.0,1.0,1.0,1.0,1.0,,,,,,,,,1.0,,,,,,,,,,,,,,,,,,,,,,,,,,,,,,,,,,,,,,,,,,,,,,,,,,,,,,,,,
68,0.0,,1.0,,0.0,0.0,,0.0,0.0,1.0,0.0,0.0,1.0,1.0,1.0,1.0,1.0,1.0,1.0,1.0,,,,,,,,,1.0,,,,,,,,,,,,,,,,,,,,,,,,,,,,,,,,,,,,,,,,,,,,,,,,,,,,,,,,,
72,0.0,42.0,1.0,,0.0,0.0,,0.0,0.0,1.0,0.0,0.0,198.292722236694,198.292722236694,198.292722236694,198.292722236694,198.292722236694,198.292722236694,198.292722236694,198.292722236694,,,,,,,,,198.292722236694,15500.0,9000.0,54663.90121,64921.51504,9166.666667,9333.333333,4968.448493,75179.12887,29368.05201,13500.0,31758.36277,9500.0,26977.74125,34148.67354,44406.28737,11500.0,17500.0,,,,,,,,,,,,,,,,,,,,,,,,,,,,,,,,,,,,,,,,
102,0.0,,1.0,,2.0,0.1,,0.0,0.0,1.0,0.0,0.0,0.0,0.0,0.0,0.0,0.0,0.0,0.0,0.0,,,,,,,,,0.0,12237.0,5712.0,60332.49013,73373.94968,5712.0,5712.0,,86415.40924,34249.57102,10062.0,34249.57102,5712.0,34249.57102,34249.57102,47291.03058,7887.0,14412.0,,,,,,,,,,,,,,,,,,,,,,,,,,,,,,,,,,,,,,,,
73,0.0,42.0,1.0,,0.0,0.0,,0.0,0.0,1.0,0.0,0.0,109.249537184138,109.249537184138,109.249537184138,109.249537184138,109.249537184138,109.249537184138,109.249537184138,109.249537184138,,,,,,,,,109.249537184138,15500.0,9000.0,54663.90121,64921.51504,9166.666667,9333.333333,2737.370753,75179.12887,29368.05201,13500.0,31758.36277,9500.0,26977.74125,34148.67354,44406.28737,11500.0,17500.0,,,,,,,,,,,,,,,,,,,,,,,,,,,,,,,,,,,,,,,,
103,0.0,,1.0,,2.0,0.1,,0.0,0.0,1.0,0.0,0.0,0.0,0.0,0.0,0.0,0.0,0.0,0.0,0.0,,,,,,,,,0.0,12237.0,5712.0,60332.49013,73373.94968,5712.0,5712.0,,86415.40924,34249.57102,10062.0,34249.57102,5712.0,34249.57102,34249.57102,47291.03058,7887.0,14412.0,,,,,,,,,,,,,,,,,,,,,,,,,,,,,,,,,,,,,,,,
74,0.0,42.0,1.0,,0.0,0.0,,0.0,0.0,1.0,0.0,0.0,66.5655346020998,66.5655346020998,66.5655346020998,66.5655346020998,66.5655346020998,66.5655346020998,66.5655346020998,66.5655346020998,,,,,,,,,66.5655346020998,15500.0,9000.0,54663.90121,64921.51504,9166.666667,9333.333333,1667.874778,75179.12887,29368.05201,13500.0,31758.36277,9500.0,26977.74125,34148.67354,44406.28737,11500.0,17500.0,,,,,,,,,,,,,,,,,,,,,,,,,,,,,,,,,,,,,,,,
104,0.0,,1.0,,2.0,0.1,,0.0,0.0,1.0,0.0,0.0,0.0,0.0,0.0,0.0,0.0,0.0,0.0,0.0,,,,,,,,,0.0,12237.0,5712.0,60332.49013,73373.94968,5712.0,5712.0,,86415.40924,34249.57102,10062.0,34249.57102,5712.0,34249.57102,34249.57102,47291.03058,7887.0,14412.0,,,,,,,,,,,,,,,,,,,,,,,,,,,,,,,,,,,,,,,,
75,0.0,42.0,1.0,,0.0,0.0,,0.0,0.0,1.0,0.0,0.0,5.86476275128879,5.86476275128879,5.86476275128879,5.86476275128879,5.86476275128879,5.86476275128879,5.86476275128879,5.86476275128879,,,,,,,,,5.86476275128879,94375.0,62500.0,110209.7114,128592.4542,64500.0,66500.0,146.9482658,146975.1969,66928.7014,85750.0,70186.46365,68500.0,63670.93915,73444.2259,91826.96866,77125.0,103000.0,,,,,,,,,,,,,,,,,,,,,,,,,,,,,,,,,,,,,,,,
105,0.0,,1.0,,2.0,0.1,,0.0,0.0,1.0,0.0,0.0,0.0,0.0,0.0,0.0,0.0,0.0,0.0,0.0,,,,,,,,,0.0,23714.625,5871.0,106530.7363,142194.6312,5871.0,5871.0,,177858.526,35202.94669,17766.75,35202.94669,5871.0,35202.94669,35202.94669,70866.84151,11818.875,29662.5,,,,,,,,,,,,,,,,,,,,,,,,,,,,,,,,,,,,,,,,
79,0.0,42.0,1.0,,0.0,0.0,,0.0,0.0,1.0,0.0,0.0,45.5534482682772,45.5534482682772,45.5534482682772,45.5534482682772,45.5534482682772,45.5534482682772,45.5534482682772,45.5534482682772,,,,,,,,,45.5534482682772,94375.0,62500.0,110209.7114,128592.4542,64500.0,66500.0,1141.393183,146975.1969,66928.7014,85750.0,70186.46365,68500.0,63670.93915,73444.2259,91826.96866,77125.0,103000.0,,,,,,,,,,,,,,,,,,,,,,,,,,,,,,,,,,,,,,,,
109,0.0,,1.0,,2.0,0.1,,0.0,0.0,1.0,0.0,0.0,0.0,0.0,0.0,0.0,0.0,0.0,0.0,0.0,,,,,,,,,0.0,23714.625,5871.0,106530.7363,142194.6312,5871.0,5871.0,,177858.526,35202.94669,17766.75,35202.94669,5871.0,35202.94669,35202.94669,70866.84151,11818.875,29662.5,,,,,,,,,,,,,,,,,,,,,,,,,,,,,,,,,,,,,,,,
83,0.0,42.0,1.0,,0.0,0.0,,0.0,0.0,1.0,0.0,0.0,54.6848115204575,54.6848115204575,54.6848115204575,54.6848115204575,54.6848115204575,54.6848115204575,54.6848115204575,54.6848115204575,,,,,,,,,54.6848115204575,94375.0,62500.0,110209.7114,128592.4542,64500.0,66500.0,1370.18982,146975.1969,66928.7014,85750.0,70186.46365,68500.0,63670.93915,73444.2259,91826.96866,77125.0,103000.0,,,,,,,,,,,,,,,,,,,,,,,,,,,,,,,,,,,,,,,,
113,0.0,,1.0,,2.0,0.1,,0.0,0.0,1.0,0.0,0.0,0.0,0.0,0.0,0.0,0.0,0.0,0.0,0.0,,,,,,,,,0.0,23714.625,5871.0,106530.7363,142194.6312,5871.0,5871.0,,177858.526,35202.94669,17766.75,35202.94669,5871.0,35202.94669,35202.94669,70866.84151,11818.875,29662.5,,,,,,,,,,,,,,,,,,,,,,,,,,,,,,,,,,,,,,,,
87,0.0,42.0,1.0,,0.0,0.0,,0.0,0.0,1.0,0.0,0.0,113.846692443934,113.846692443934,113.846692443934,113.846692443934,113.846692443934,113.846692443934,113.846692443934,113.846692443934,,,,,,,,,113.846692443934,54750.0,36000.0,73935.78174,84894.58553,37000.0,38000.0,2852.557679,95853.38931,47237.55264,49500.0,49627.86341,39000.0,44847.24188,52018.17417,62976.97796,44250.0,60000.0,,,,,,,,,,,,,,,,,,,,,,,,,,,,,,,,,,,,,,,,
117,0.0,,1.0,,2.0,0.1,,0.0,0.0,1.0,0.0,0.0,0.0,0.0,0.0,0.0,0.0,0.0,0.0,0.0,,,,,,,,,0.0,12237.0,5712.0,60332.49013,73373.94968,5712.0,5712.0,,86415.40924,34249.57102,10062.0,34249.57102,5712.0,34249.57102,34249.57102,47291.03058,7887.0,14412.0,,,,,,,,,,,,,,,,,,,,,,,,,,,,,,,,,,,,,,,,
88,0.0,42.0,1.0,,0.0,0.0,,0.0,0.0,1.0,0.0,0.0,91.0956639565471,91.0956639565471,91.0956639565471,91.0956639565471,91.0956639565471,91.0956639565471,91.0956639565471,91.0956639565471,,,,,,,,,91.0956639565471,54750.0,36000.0,73935.78174,84894.58553,37000.0,38000.0,2282.504921,95853.38931,47237.55264,49500.0,49627.86341,39000.0,44847.24188,52018.17417,62976.97796,44250.0,60000.0,,,,,,,,,,,,,,,,,,,,,,,,,,,,,,,,,,,,,,,,
118,0.0,,1.0,,2.0,0.1,,0.0,0.0,1.0,0.0,0.0,0.0,0.0,0.0,0.0,0.0,0.0,0.0,0.0,,,,,,,,,0.0,12237.0,5712.0,60332.49013,73373.94968,5712.0,5712.0,,86415.40924,34249.57102,10062.0,34249.57102,5712.0,34249.57102,34249.57102,47291.03058,7887.0,14412.0,,,,,,,,,,,,,,,,,,,,,,,,,,,,,,,,,,,,,,,,
89,0.0,42.0,1.0,,0.0,0.0,,0.0,0.0,1.0,0.0,0.0,119.303580625141,119.303580625141,119.303580625141,119.303580625141,119.303580625141,119.303580625141,119.303580625141,119.303580625141,,,,,,,,,119.303580625141,54750.0,36000.0,73935.78174,84894.58553,37000.0,38000.0,2989.286186,95853.38931,47237.55264,49500.0,49627.86341,39000.0,44847.24188,52018.17417,62976.97796,44250.0,60000.0,,,,,,,,,,,,,,,,,,,,,,,,,,,,,,,,,,,,,,,,
119,0.0,,1.0,,2.0,0.1,,0.0,0.0,1.0,0.0,0.0,0.0,0.0,0.0,0.0,0.0,0.0,0.0,0.0,,,,,,,,,0.0,12237.0,5712.0,60332.49013,73373.94968,5712.0,5712.0,,86415.40924,34249.57102,10062.0,34249.57102,5712.0,34249.57102,34249.57102,47291.03058,7887.0,14412.0,,,,,,,,,,,,,,,,,,,,,,,,,,,,,,,,,,,,,,,,
90,0.0,42.0,1.0,,0.0,0.0,,0.0,0.0,1.0,0.0,0.0,125.844787675314,125.844787675314,125.844787675314,125.844787675314,125.844787675314,125.844787675314,125.844787675314,125.844787675314,,,,,,,,,125.844787675314,94375.0,62500.0,110209.7114,128592.4542,64500.0,66500.0,3153.183529,146975.1969,66928.7014,85750.0,70186.46365,68500.0,63670.93915,73444.2259,91826.96866,77125.0,103000.0,,,,,,,,,,,,,,,,,,,,,,,,,,,,,,,,,,,,,,,,
120,0.0,,1.0,,2.0,0.1,,0.0,0.0,1.0,0.0,0.0,0.0,0.0,0.0,0.0,0.0,0.0,0.0,0.0,,,,,,,,,0.0,23714.625,5871.0,106530.7363,142194.6312,5871.0,5871.0,,177858.526,35202.94669,17766.75,35202.94669,5871.0,35202.94669,35202.94669,70866.84151,11818.875,29662.5,,,,,,,,,,,,,,,,,,,,,,,,,,,,,,,,,,,,,,,,
94,0.0,42.0,1.0,,0.0,0.0,,0.0,0.0,1.0,0.0,0.0,94.3049576777022,94.3049576777022,94.3049576777022,94.3049576777022,94.3049576777022,94.3049576777022,94.3049576777022,94.3049576777022,,,,,,,,,94.3049576777022,94375.0,62500.0,110209.7114,128592.4542,64500.0,66500.0,2362.917406,146975.1969,66928.7014,85750.0,70186.46365,68500.0,63670.93915,73444.2259,91826.96866,77125.0,103000.0,,,,,,,,,,,,,,,,,,,,,,,,,,,,,,,,,,,,,,,,
124,0.0,,1.0,,2.0,0.1,,0.0,0.0,1.0,0.0,0.0,0.0,0.0,0.0,0.0,0.0,0.0,0.0,0.0,,,,,,,,,0.0,23714.625,5871.0,106530.7363,142194.6312,5871.0,5871.0,,177858.526,35202.94669,17766.75,35202.94669,5871.0,35202.94669,35202.94669,70866.84151,11818.875,29662.5,,,,,,,,,,,,,,,,,,,,,,,,,,,,,,,,,,,,,,,,
98,0.0,42.0,1.0,,0.0,0.0,,0.0,0.0,1.0,0.0,0.0,6.26961632028438,6.26961632028438,6.26961632028438,6.26961632028438,6.26961632028438,6.26961632028438,6.26961632028438,6.26961632028438,,,,,,,,,6.26961632028438,94375.0,62500.0,110209.7114,128592.4542,64500.0,66500.0,157.09233,146975.1969,66928.7014,85750.0,70186.46365,68500.0,63670.93915,73444.2259,91826.96866,77125.0,103000.0,,,,,,,,,,,,,,,,,,,,,,,,,,,,,,,,,,,,,,,,
128,0.0,,1.0,,2.0,0.1,,0.0,0.0,1.0,0.0,0.0,0.0,0.0,0.0,0.0,0.0,0.0,0.0,0.0,,,,,,,,,0.0,23714.625,5871.0,106530.7363,142194.6312,5871.0,5871.0,,177858.526,35202.94669,17766.75,35202.94669,5871.0,35202.94669,35202.94669,70866.84151,11818.875,29662.5,,,,,,,,,,,,,,,,,,,,,,,,,,,,,,,,,,,,,,,,
76,0.0,42.0,1.0,,0.0,0.0,,0.0,0.0,1.0,0.0,0.0,22.6330280802462,22.6330280802462,22.6330280802462,22.6330280802462,22.6330280802462,22.6330280802462,22.6330280802462,22.6330280802462,,,,,,,,,22.6330280802462,94375.0,62500.0,110209.7114,128592.4542,64500.0,66500.0,567.0961243,146975.1969,66928.7014,85750.0,70186.46365,68500.0,63670.93915,73444.2259,91826.96866,77125.0,103000.0,,,,,,,,,,,,,,,,,,,,,,,,,,,,,,,,,,,,,,,,
106,0.0,,1.0,,2.0,0.1,,0.0,0.0,1.0,0.0,0.0,0.0,0.0,0.0,0.0,0.0,0.0,0.0,0.0,,,,,,,,,0.0,23714.625,5871.0,106530.7363,142194.6312,5871.0,5871.0,,177858.526,35202.94669,17766.75,35202.94669,5871.0,35202.94669,35202.94669,70866.84151,11818.875,29662.5,,,,,,,,,,,,,,,,,,,,,,,,,,,,,,,,,,,,,,,,
226,1.0,,1.0,,24.0,0.2,,0.0,0.0,1.0,0.0,0.0,0.0,0.0,0.0,0.0,0.0,0.0,0.0,0.0,,,,,,,,,0.0,,,,,,,,,,,,,,,,,,,,,,,,,,,,,,,,,,,,,,,,,,,,,,,,,,,,,,,,,
80,0.0,42.0,1.0,,0.0,0.0,,0.0,0.0,1.0,0.0,0.0,20.0113382033411,20.0113382033411,20.0113382033411,20.0113382033411,20.0113382033411,20.0113382033411,20.0113382033411,20.0113382033411,,,,,,,,,20.0113382033411,94375.0,62500.0,110209.7114,128592.4542,64500.0,66500.0,501.4067184,146975.1969,66928.7014,85750.0,70186.46365,68500.0,63670.93915,73444.2259,91826.96866,77125.0,103000.0,,,,,,,,,,,,,,,,,,,,,,,,,,,,,,,,,,,,,,,,
110,0.0,,1.0,,2.0,0.1,,0.0,0.0,1.0,0.0,0.0,0.0,0.0,0.0,0.0,0.0,0.0,0.0,0.0,,,,,,,,,0.0,23714.625,5871.0,106530.7363,142194.6312,5871.0,5871.0,,177858.526,35202.94669,17766.75,35202.94669,5871.0,35202.94669,35202.94669,70866.84151,11818.875,29662.5,,,,,,,,,,,,,,,,,,,,,,,,,,,,,,,,,,,,,,,,
84,0.0,42.0,1.0,,0.0,0.0,,0.0,0.0,1.0,0.0,0.0,4.13235351766174,4.13235351766174,4.13235351766174,4.13235351766174,4.13235351766174,4.13235351766174,4.13235351766174,4.13235351766174,,,,,,,,,4.13235351766174,94375.0,62500.0,110209.7114,128592.4542,64500.0,66500.0,103.5407925,146975.1969,66928.7014,85750.0,70186.46365,68500.0,63670.93915,73444.2259,91826.96866,77125.0,103000.0,,,,,,,,,,,,,,,,,,,,,,,,,,,,,,,,,,,,,,,,
114,0.0,,1.0,,2.0,0.1,,0.0,0.0,1.0,0.0,0.0,0.0,0.0,0.0,0.0,0.0,0.0,0.0,0.0,,,,,,,,,0.0,23714.625,5871.0,106530.7363,142194.6312,5871.0,5871.0,,177858.526,35202.94669,17766.75,35202.94669,5871.0,35202.94669,35202.94669,70866.84151,11818.875,29662.5,,,,,,,,,,,,,,,,,,,,,,,,,,,,,,,,,,,,,,,,
77,0.0,42.0,1.0,,0.0,0.0,,0.0,0.0,1.0,0.0,0.0,17.8420951285453,17.8420951285453,17.8420951285453,17.8420951285453,17.8420951285453,17.8420951285453,17.8420951285453,17.8420951285453,,,,,,,,,17.8420951285453,94375.0,62500.0,110209.7114,128592.4542,64500.0,66500.0,447.053879,146975.1969,66928.7014,85750.0,70186.46365,68500.0,63670.93915,73444.2259,91826.96866,77125.0,103000.0,,,,,,,,,,,,,,,,,,,,,,,,,,,,,,,,,,,,,,,,
107,0.0,,1.0,,2.0,0.1,,0.0,0.0,1.0,0.0,0.0,0.0,0.0,0.0,0.0,0.0,0.0,0.0,0.0,,,,,,,,,0.0,23714.625,5871.0,106530.7363,142194.6312,5871.0,5871.0,,177858.526,35202.94669,17766.75,35202.94669,5871.0,35202.94669,35202.94669,70866.84151,11818.875,29662.5,,,,,,,,,,,,,,,,,,,,,,,,,,,,,,,,,,,,,,,,
81,0.0,42.0,1.0,,0.0,0.0,,0.0,0.0,1.0,0.0,0.0,33.4863096528161,33.4863096528161,33.4863096528161,33.4863096528161,33.4863096528161,33.4863096528161,33.4863096528161,33.4863096528161,,,,,,,,,33.4863096528161,94375.0,62500.0,110209.7114,128592.4542,64500.0,66500.0,839.0373729,146975.1969,66928.7014,85750.0,70186.46365,68500.0,63670.93915,73444.2259,91826.96866,77125.0,103000.0,,,,,,,,,,,,,,,,,,,,,,,,,,,,,,,,,,,,,,,,
111,0.0,,1.0,,2.0,0.1,,0.0,0.0,1.0,0.0,0.0,0.0,0.0,0.0,0.0,0.0,0.0,0.0,0.0,,,,,,,,,0.0,23714.625,5871.0,106530.7363,142194.6312,5871.0,5871.0,,177858.526,35202.94669,17766.75,35202.94669,5871.0,35202.94669,35202.94669,70866.84151,11818.875,29662.5,,,,,,,,,,,,,,,,,,,,,,,,,,,,,,,,,,,,,,,,
85,0.0,42.0,1.0,,0.0,0.0,,0.0,0.0,1.0,0.0,0.0,65.5666758135662,65.5666758135662,65.5666758135662,65.5666758135662,65.5666758135662,65.5666758135662,65.5666758135662,65.5666758135662,,,,,,,,,65.5666758135662,94375.0,62500.0,110209.7114,128592.4542,64500.0,66500.0,1642.847241,146975.1969,66928.7014,85750.0,70186.46365,68500.0,63670.93915,73444.2259,91826.96866,77125.0,103000.0,,,,,,,,,,,,,,,,,,,,,,,,,,,,,,,,,,,,,,,,
115,0.0,,1.0,,2.0,0.1,,0.0,0.0,1.0,0.0,0.0,0.0,0.0,0.0,0.0,0.0,0.0,0.0,0.0,,,,,,,,,0.0,23714.625,5871.0,106530.7363,142194.6312,5871.0,5871.0,,177858.526,35202.94669,17766.75,35202.94669,5871.0,35202.94669,35202.94669,70866.84151,11818.875,29662.5,,,,,,,,,,,,,,,,,,,,,,,,,,,,,,,,,,,,,,,,
78,0.0,42.0,1.0,,0.0,0.0,,0.0,0.0,1.0,0.0,0.0,36.2624062993386,36.2624062993386,36.2624062993386,36.2624062993386,36.2624062993386,36.2624062993386,36.2624062993386,36.2624062993386,,,,,,,,,36.2624062993386,94375.0,62500.0,110209.7114,128592.4542,64500.0,66500.0,908.5956151,146975.1969,66928.7014,85750.0,70186.46365,68500.0,63670.93915,73444.2259,91826.96866,77125.0,103000.0,,,,,,,,,,,,,,,,,,,,,,,,,,,,,,,,,,,,,,,,
108,0.0,,1.0,,2.0,0.1,,0.0,0.0,1.0,0.0,0.0,0.0,0.0,0.0,0.0,0.0,0.0,0.0,0.0,,,,,,,,,0.0,23714.625,5871.0,106530.7363,142194.6312,5871.0,5871.0,,177858.526,35202.94669,17766.75,35202.94669,5871.0,35202.94669,35202.94669,70866.84151,11818.875,29662.5,,,,,,,,,,,,,,,,,,,,,,,,,,,,,,,,,,,,,,,,
82,0.0,42.0,1.0,,0.0,0.0,,0.0,0.0,1.0,0.0,0.0,1.50839232683287,1.50839232683287,1.50839232683287,1.50839232683287,1.50839232683287,1.50839232683287,1.50839232683287,1.50839232683287,,,,,,,,,1.50839232683287,94375.0,62500.0,110209.7114,128592.4542,64500.0,66500.0,37.79447626,146975.1969,66928.7014,85750.0,70186.46365,68500.0,63670.93915,73444.2259,91826.96866,77125.0,103000.0,,,,,,,,,,,,,,,,,,,,,,,,,,,,,,,,,,,,,,,,
112,0.0,,1.0,,2.0,0.1,,0.0,0.0,1.0,0.0,0.0,0.0,0.0,0.0,0.0,0.0,0.0,0.0,0.0,,,,,,,,,0.0,23714.625,5871.0,106530.7363,142194.6312,5871.0,5871.0,,177858.526,35202.94669,17766.75,35202.94669,5871.0,35202.94669,35202.94669,70866.84151,11818.875,29662.5,,,,,,,,,,,,,,,,,,,,,,,,,,,,,,,,,,,,,,,,
86,0.0,42.0,1.0,,0.0,0.0,,0.0,0.0,1.0,0.0,0.0,13.3612763717774,13.3612763717774,13.3612763717774,13.3612763717774,13.3612763717774,13.3612763717774,13.3612763717774,13.3612763717774,,,,,,,,,13.3612763717774,94375.0,62500.0,110209.7114,128592.4542,64500.0,66500.0,334.7818957,146975.1969,66928.7014,85750.0,70186.46365,68500.0,63670.93915,73444.2259,91826.96866,77125.0,103000.0,,,,,,,,,,,,,,,,,,,,,,,,,,,,,,,,,,,,,,,,
116,0.0,,1.0,,2.0,0.1,,0.0,0.0,1.0,0.0,0.0,0.0,0.0,0.0,0.0,0.0,0.0,0.0,0.0,,,,,,,,,0.0,23714.625,5871.0,106530.7363,142194.6312,5871.0,5871.0,,177858.526,35202.94669,17766.75,35202.94669,5871.0,35202.94669,35202.94669,70866.84151,11818.875,29662.5,,,,,,,,,,,,,,,,,,,,,,,,,,,,,,,,,,,,,,,,
91,0.0,42.0,1.0,,0.0,0.0,,0.0,0.0,1.0,0.0,0.0,100.357235737536,100.357235737536,100.357235737536,100.357235737536,100.357235737536,100.357235737536,100.357235737536,100.357235737536,,,,,,,,,100.357235737536,94375.0,62500.0,110209.7114,128592.4542,64500.0,66500.0,2514.56408,146975.1969,66928.7014,85750.0,70186.46365,68500.0,63670.93915,73444.2259,91826.96866,77125.0,103000.0,,,,,,,,,,,,,,,,,,,,,,,,,,,,,,,,,,,,,,,,
121,0.0,,1.0,,2.0,0.1,,0.0,0.0,1.0,0.0,0.0,0.0,0.0,0.0,0.0,0.0,0.0,0.0,0.0,,,,,,,,,0.0,23714.625,5871.0,106530.7363,142194.6312,5871.0,5871.0,,177858.526,35202.94669,17766.75,35202.94669,5871.0,35202.94669,35202.94669,70866.84151,11818.875,29662.5,,,,,,,,,,,,,,,,,,,,,,,,,,,,,,,,,,,,,,,,
92,0.0,42.0,1.0,,0.0,0.0,,0.0,0.0,1.0,0.0,0.0,66.2676350222562,66.2676350222562,66.2676350222562,66.2676350222562,66.2676350222562,66.2676350222562,66.2676350222562,66.2676350222562,,,,,,,,,66.2676350222562,94375.0,62500.0,110209.7114,128592.4542,64500.0,66500.0,1660.410567,146975.1969,66928.7014,85750.0,70186.46365,68500.0,63670.93915,73444.2259,91826.96866,77125.0,103000.0,,,,,,,,,,,,,,,,,,,,,,,,,,,,,,,,,,,,,,,,
122,0.0,,1.0,,2.0,0.1,,0.0,0.0,1.0,0.0,0.0,0.0,0.0,0.0,0.0,0.0,0.0,0.0,0.0,,,,,,,,,0.0,23714.625,5871.0,106530.7363,142194.6312,5871.0,5871.0,,177858.526,35202.94669,17766.75,35202.94669,5871.0,35202.94669,35202.94669,70866.84151,11818.875,29662.5,,,,,,,,,,,,,,,,,,,,,,,,,,,,,,,,,,,,,,,,
93,0.0,42.0,1.0,,0.0,0.0,,0.0,0.0,1.0,0.0,0.0,26.4433351339471,26.4433351339471,26.4433351339471,26.4433351339471,26.4433351339471,26.4433351339471,26.4433351339471,26.4433351339471,,,,,,,,,26.4433351339471,94375.0,62500.0,110209.7114,128592.4542,64500.0,66500.0,662.5676783,146975.1969,66928.7014,85750.0,70186.46365,68500.0,63670.93915,73444.2259,91826.96866,77125.0,103000.0,,,,,,,,,,,,,,,,,,,,,,,,,,,,,,,,,,,,,,,,
123,0.0,,1.0,,2.0,0.1,,0.0,0.0,1.0,0.0,0.0,0.0,0.0,0.0,0.0,0.0,0.0,0.0,0.0,,,,,,,,,0.0,23714.625,5871.0,106530.7363,142194.6312,5871.0,5871.0,,177858.526,35202.94669,17766.75,35202.94669,5871.0,35202.94669,35202.94669,70866.84151,11818.875,29662.5,,,,,,,,,,,,,,,,,,,,,,,,,,,,,,,,,,,,,,,,
95,0.0,42.0,1.0,,0.0,0.0,,0.0,0.0,1.0,0.0,0.0,64.2568093960858,64.2568093960858,64.2568093960858,64.2568093960858,64.2568093960858,64.2568093960858,64.2568093960858,64.2568093960858,,,,,,,,,64.2568093960858,94375.0,62500.0,110209.7114,128592.4542,64500.0,66500.0,1610.027056,146975.1969,66928.7014,85750.0,70186.46365,68500.0,63670.93915,73444.2259,91826.96866,77125.0,103000.0,,,,,,,,,,,,,,,,,,,,,,,,,,,,,,,,,,,,,,,,
125,0.0,,1.0,,2.0,0.1,,0.0,0.0,1.0,0.0,0.0,0.0,0.0,0.0,0.0,0.0,0.0,0.0,0.0,,,,,,,,,0.0,23714.625,5871.0,106530.7363,142194.6312,5871.0,5871.0,,177858.526,35202.94669,17766.75,35202.94669,5871.0,35202.94669,35202.94669,70866.84151,11818.875,29662.5,,,,,,,,,,,,,,,,,,,,,,,,,,,,,,,,,,,,,,,,
230,1.0,,1.0,,24.0,0.2,,0.0,0.0,1.0,0.0,0.0,0.0,0.0,0.0,0.0,0.0,0.0,0.0,0.0,,,,,,,,,0.0,,,,,,,,,,,,,,,,,,,,,,,,,,,,,,,,,,,,,,,,,,,,,,,,,,,,,,,,,
96,0.0,42.0,1.0,,0.0,0.0,,0.0,0.0,1.0,0.0,0.0,20.5714245912639,20.5714245912639,20.5714245912639,20.5714245912639,20.5714245912639,20.5714245912639,20.5714245912639,20.5714245912639,,,,,,,,,20.5714245912639,94375.0,62500.0,110209.7114,128592.4542,64500.0,66500.0,515.4403165,146975.1969,66928.7014,85750.0,70186.46365,68500.0,63670.93915,73444.2259,91826.96866,77125.0,103000.0,,,,,,,,,,,,,,,,,,,,,,,,,,,,,,,,,,,,,,,,
126,0.0,,1.0,,2.0,0.1,,0.0,0.0,1.0,0.0,0.0,0.0,0.0,0.0,0.0,0.0,0.0,0.0,0.0,,,,,,,,,0.0,23714.625,5871.0,106530.7363,142194.6312,5871.0,5871.0,,177858.526,35202.94669,17766.75,35202.94669,5871.0,35202.94669,35202.94669,70866.84151,11818.875,29662.5,,,,,,,,,,,,,,,,,,,,,,,,,,,,,,,,,,,,,,,,
97,0.0,42.0,1.0,,0.0,0.0,,0.0,0.0,1.0,0.0,0.0,52.2375500834392,52.2375500834392,52.2375500834392,52.2375500834392,52.2375500834392,52.2375500834392,52.2375500834392,52.2375500834392,,,,,,,,,52.2375500834392,94375.0,62500.0,110209.7114,128592.4542,64500.0,66500.0,1308.870916,146975.1969,66928.7014,85750.0,70186.46365,68500.0,63670.93915,73444.2259,91826.96866,77125.0,103000.0,,,,,,,,,,,,,,,,,,,,,,,,,,,,,,,,,,,,,,,,
127,0.0,,1.0,,2.0,0.1,,0.0,0.0,1.0,0.0,0.0,0.0,0.0,0.0,0.0,0.0,0.0,0.0,0.0,,,,,,,,,0.0,23714.625,5871.0,106530.7363,142194.6312,5871.0,5871.0,,177858.526,35202.94669,17766.75,35202.94669,5871.0,35202.94669,35202.94669,70866.84151,11818.875,29662.5,,,,,,,,,,,,,,,,,,,,,,,,,,,,,,,,,,,,,,,,
99,0.0,42.0,1.0,,0.0,0.0,,0.0,0.0,1.0,0.0,0.0,30.1906139699917,30.1906139699917,30.1906139699917,30.1906139699917,30.1906139699917,30.1906139699917,30.1906139699917,30.1906139699917,,,,,,,,,30.1906139699917,94375.0,62500.0,110209.7114,128592.4542,64500.0,66500.0,756.459989,146975.1969,66928.7014,85750.0,70186.46365,68500.0,63670.93915,73444.2259,91826.96866,77125.0,103000.0,,,,,,,,,,,,,,,,,,,,,,,,,,,,,,,,,,,,,,,,
129,0.0,,1.0,,2.0,0.1,,0.0,0.0,1.0,0.0,0.0,0.0,0.0,0.0,0.0,0.0,0.0,0.0,0.0,,,,,,,,,0.0,23714.625,5871.0,106530.7363,142194.6312,5871.0,5871.0,,177858.526,35202.94669,17766.75,35202.94669,5871.0,35202.94669,35202.94669,70866.84151,11818.875,29662.5,,,,,,,,,,,,,,,,,,,,,,,,,,,,,,,,,,,,,,,,
100,0.0,42.0,1.0,,0.0,0.0,,0.0,0.0,1.0,0.0,0.0,43.6944029767373,43.6944029767373,43.6944029767373,43.6944029767373,43.6944029767373,43.6944029767373,43.6944029767373,43.6944029767373,,,,,,,,,43.6944029767373,94375.0,62500.0,110209.7114,128592.4542,64500.0,66500.0,1094.8127,146975.1969,66928.7014,85750.0,70186.46365,68500.0,63670.93915,73444.2259,91826.96866,77125.0,103000.0,,,,,,,,,,,,,,,,,,,,,,,,,,,,,,,,,,,,,,,,
130,0.0,,1.0,,2.0,0.1,,0.0,0.0,1.0,0.0,0.0,0.0,0.0,0.0,0.0,0.0,0.0,0.0,0.0,,,,,,,,,0.0,23714.625,5871.0,106530.7363,142194.6312,5871.0,5871.0,,177858.526,35202.94669,17766.75,35202.94669,5871.0,35202.94669,35202.94669,70866.84151,11818.875,29662.5,,,,,,,,,,,,,,,,,,,,,,,,,,,,,,,,,,,,,,,,
101,0.0,42.0,1.0,,0.0,0.0,,0.0,0.0,1.0,0.0,0.0,16.3010024327394,16.3010024327394,16.3010024327394,16.3010024327394,16.3010024327394,16.3010024327394,16.3010024327394,16.3010024327394,,,,,,,,,16.3010024327394,94375.0,62500.0,110209.7114,128592.4542,64500.0,66500.0,408.440058,146975.1969,66928.7014,85750.0,70186.46365,68500.0,63670.93915,73444.2259,91826.96866,77125.0,103000.0,,,,,,,,,,,,,,,,,,,,,,,,,,,,,,,,,,,,,,,,
131,0.0,,1.0,,2.0,0.1,,0.0,0.0,1.0,0.0,0.0,0.0,0.0,0.0,0.0,0.0,0.0,0.0,0.0,,,,,,,,,0.0,23714.625,5871.0,106530.7363,142194.6312,5871.0,5871.0,,177858.526,35202.94669,17766.75,35202.94669,5871.0,35202.94669,35202.94669,70866.84151,11818.875,29662.5,,,,,,,,,,,,,,,,,,,,,,,,,,,,,,,,,,,,,,,,
132,0.0,,1.0,,4.0,0.3,,0.0,0.0,1.0,0.0,0.0,0.0,0.0,0.0,0.0,0.0,0.0,0.0,0.0,,,,,,,,,0.0,32133.75,12498.0,117637.9416,149032.3979,12498.0,12498.0,,180426.8542,54849.02903,25588.5,54849.02903,12498.0,54849.02903,54849.02903,86243.48531,19043.25,38679.0,,,,,,,,,,,,,,,,,,,,,,,,,,,,,,,,,,,,,,,,
133,0.0,,1.0,,4.0,0.3,,0.0,0.0,1.0,0.0,0.0,0.0,0.0,0.0,0.0,0.0,0.0,0.0,0.0,,,,,,,,,0.0,32133.75,12498.0,117637.9416,149032.3979,12498.0,12498.0,,180426.8542,54849.02903,25588.5,54849.02903,12498.0,54849.02903,54849.02903,86243.48531,19043.25,38679.0,,,,,,,,,,,,,,,,,,,,,,,,,,,,,,,,,,,,,,,,
134,0.0,,1.0,,4.0,0.3,,0.0,0.0,1.0,0.0,0.0,0.0,0.0,0.0,0.0,0.0,0.0,0.0,0.0,,,,,,,,,0.0,32133.75,12498.0,117637.9416,149032.3979,12498.0,12498.0,,180426.8542,54849.02903,25588.5,54849.02903,12498.0,54849.02903,54849.02903,86243.48531,19043.25,38679.0,,,,,,,,,,,,,,,,,,,,,,,,,,,,,,,,,,,,,,,,
147,0.0,,1.0,,4.0,0.3,,0.0,0.0,1.0,0.0,0.0,0.0,0.0,0.0,0.0,0.0,0.0,0.0,0.0,,,,,,,,,0.0,32133.75,12498.0,117637.9416,149032.3979,12498.0,12498.0,,180426.8542,54849.02903,25588.5,54849.02903,12498.0,54849.02903,54849.02903,86243.48531,19043.25,38679.0,,,,,,,,,,,,,,,,,,,,,,,,,,,,,,,,,,,,,,,,
148,0.0,,1.0,,4.0,0.3,,0.0,0.0,1.0,0.0,0.0,0.0,0.0,0.0,0.0,0.0,0.0,0.0,0.0,,,,,,,,,0.0,32133.75,12498.0,117637.9416,149032.3979,12498.0,12498.0,,180426.8542,54849.02903,25588.5,54849.02903,12498.0,54849.02903,54849.02903,86243.48531,19043.25,38679.0,,,,,,,,,,,,,,,,,,,,,,,,,,,,,,,,,,,,,,,,
149,0.0,,1.0,,4.0,0.3,,0.0,0.0,1.0,0.0,0.0,0.0,0.0,0.0,0.0,0.0,0.0,0.0,0.0,,,,,,,,,0.0,32133.75,12498.0,117637.9416,149032.3979,12498.0,12498.0,,180426.8542,54849.02903,25588.5,54849.02903,12498.0,54849.02903,54849.02903,86243.48531,19043.25,38679.0,,,,,,,,,,,,,,,,,,,,,,,,,,,,,,,,,,,,,,,,
135,0.0,,1.0,,4.0,0.3,,0.0,0.0,1.0,0.0,0.0,0.0,0.0,0.0,0.0,0.0,0.0,0.0,0.0,,,,,,,,,0.0,42570.75,12697.5,152543.8728,200793.1864,12697.5,12697.5,,249042.5,56045.24566,32613.0,56045.24566,12697.5,56045.24566,56045.24566,104294.5592,22655.25,52528.5,,,,,,,,,,,,,,,,,,,,,,,,,,,,,,,,,,,,,,,,
139,0.0,,1.0,,4.0,0.3,,0.0,0.0,1.0,0.0,0.0,0.0,0.0,0.0,0.0,0.0,0.0,0.0,0.0,,,,,,,,,0.0,42570.75,12697.5,152543.8728,200793.1864,12697.5,12697.5,,249042.5,56045.24566,32613.0,56045.24566,12697.5,56045.24566,56045.24566,104294.5592,22655.25,52528.5,,,,,,,,,,,,,,,,,,,,,,,,,,,,,,,,,,,,,,,,
143,0.0,,1.0,,4.0,0.3,,0.0,0.0,1.0,0.0,0.0,0.0,0.0,0.0,0.0,0.0,0.0,0.0,0.0,,,,,,,,,0.0,42570.75,12697.5,152543.8728,200793.1864,12697.5,12697.5,,249042.5,56045.24566,32613.0,56045.24566,12697.5,56045.24566,56045.24566,104294.5592,22655.25,52528.5,,,,,,,,,,,,,,,,,,,,,,,,,,,,,,,,,,,,,,,,
150,0.0,,1.0,,4.0,0.3,,0.0,0.0,1.0,0.0,0.0,0.0,0.0,0.0,0.0,0.0,0.0,0.0,0.0,,,,,,,,,0.0,42570.75,12697.5,152543.8728,200793.1864,12697.5,12697.5,,249042.5,56045.24566,32613.0,56045.24566,12697.5,56045.24566,56045.24566,104294.5592,22655.25,52528.5,,,,,,,,,,,,,,,,,,,,,,,,,,,,,,,,,,,,,,,,
154,0.0,,1.0,,4.0,0.3,,0.0,0.0,1.0,0.0,0.0,0.0,0.0,0.0,0.0,0.0,0.0,0.0,0.0,,,,,,,,,0.0,42570.75,12697.5,152543.8728,200793.1864,12697.5,12697.5,,249042.5,56045.24566,32613.0,56045.24566,12697.5,56045.24566,56045.24566,104294.5592,22655.25,52528.5,,,,,,,,,,,,,,,,,,,,,,,,,,,,,,,,,,,,,,,,
158,0.0,,1.0,,4.0,0.3,,0.0,0.0,1.0,0.0,0.0,0.0,0.0,0.0,0.0,0.0,0.0,0.0,0.0,,,,,,,,,0.0,42570.75,12697.5,152543.8728,200793.1864,12697.5,12697.5,,249042.5,56045.24566,32613.0,56045.24566,12697.5,56045.24566,56045.24566,104294.5592,22655.25,52528.5,,,,,,,,,,,,,,,,,,,,,,,,,,,,,,,,,,,,,,,,
210,1.0,,1.0,,24.0,0.2,,0.0,0.0,1.0,0.0,0.0,0.0,0.0,0.0,0.0,0.0,0.0,0.0,0.0,,,,,,,,,0.0,,,,,,,,,,,,,,,,,,,,,,,,,,,,,,,,,,,,,,,,,,,,,,,,,,,,,,,,,
214,1.0,,1.0,,24.0,0.2,,0.0,0.0,1.0,0.0,0.0,0.0,0.0,0.0,0.0,0.0,0.0,0.0,0.0,,,,,,,,,0.0,,,,,,,,,,,,,,,,,,,,,,,,,,,,,,,,,,,,,,,,,,,,,,,,,,,,,,,,,
218,1.0,,1.0,,24.0,0.2,,0.0,0.0,1.0,0.0,0.0,0.0,0.0,0.0,0.0,0.0,0.0,0.0,0.0,,,,,,,,,0.0,,,,,,,,,,,,,,,,,,,,,,,,,,,,,,,,,,,,,,,,,,,,,,,,,,,,,,,,,
222,1.0,,1.0,,24.0,0.2,,0.0,0.0,1.0,0.0,0.0,0.0,0.0,0.0,0.0,0.0,0.0,0.0,0.0,,,,,,,,,0.0,,,,,,,,,,,,,,,,,,,,,,,,,,,,,,,,,,,,,,,,,,,,,,,,,,,,,,,,,
162,1.0,,3.0,,0.0,0.0,,0.0,0.0,1.0,0.0,0.0,0.0,34.0,68.0,102.0,136.0,170.0,204.0,238.0,,,,,,,,,0.0,,,,,,,,,,,,,,,,,,0.0,0.0,0.0,0.0,0.0,27.0,25.0,20.0,17.0,13.0,54.0,51.0,40.0,34.0,27.0,80.0,76.0,60.0,51.0,40.0,107.0,101.0,80.0,68.0,53.0,134.0,127.0,100.0,85.0,67.0,161.0,152.0,120.0,102.0,80.0,188.0,177.0,139.0,119.0,93.0
166,1.0,,3.0,,0.0,0.0,,0.0,0.0,1.0,0.0,0.0,0.0,652.0,1304.0,1957.0,2609.0,3261.0,3913.0,4565.0,,,,,,,,,0.0,,,,,,,,,,,,,,,,,,0.0,0.0,0.0,0.0,0.0,624.0,497.0,476.0,330.0,316.0,1249.0,994.0,951.0,661.0,632.0,1873.0,1490.0,1427.0,991.0,948.0,2497.0,1987.0,1902.0,1322.0,1264.0,3121.0,2484.0,2378.0,1652.0,1579.0,3746.0,2981.0,2853.0,1982.0,1895.0,4370.0,3477.0,3329.0,2313.0,2211.0
170,1.0,,3.0,,0.0,0.0,,0.0,0.0,1.0,0.0,0.0,0.0,390.0,780.0,1169.0,1559.0,1949.0,2339.0,2728.0,,,,,,,,,0.0,,,,,,,,,,,,,,,,,,0.0,0.0,0.0,0.0,0.0,385.0,298.0,295.0,205.0,203.0,771.0,596.0,589.0,411.0,406.0,1156.0,894.0,884.0,616.0,608.0,1542.0,1191.0,1178.0,821.0,811.0,1927.0,1489.0,1473.0,1026.0,1014.0,2313.0,1787.0,1767.0,1232.0,1217.0,2698.0,2085.0,2062.0,1437.0,1420.0
174,1.0,,3.0,,0.0,0.0,,0.0,0.0,1.0,0.0,0.0,0.0,469.0,938.0,1407.0,1877.0,2346.0,2815.0,3284.0,,,,,,,,,0.0,,,,,,,,,,,,,,,,,,0.0,0.0,0.0,0.0,0.0,307.0,363.0,238.0,256.0,167.0,613.0,727.0,475.0,511.0,334.0,920.0,1090.0,713.0,767.0,501.0,1227.0,1453.0,950.0,1023.0,668.0,1533.0,1817.0,1188.0,1279.0,836.0,1840.0,2180.0,1426.0,1534.0,1003.0,2147.0,2543.0,1663.0,1790.0,1170.0
178,1.0,,3.0,,0.0,0.0,,0.0,0.0,1.0,0.0,0.0,0.0,673.0,1346.0,2018.0,2691.0,3364.0,4037.0,4709.0,,,,,,,,,0.0,,,,,,,,,,,,,,,,,,0.0,0.0,0.0,0.0,0.0,542.0,520.0,420.0,360.0,290.0,1085.0,1041.0,839.0,721.0,580.0,1627.0,1561.0,1259.0,1081.0,870.0,2170.0,2081.0,1678.0,1442.0,1159.0,2712.0,2602.0,2098.0,1802.0,1449.0,3255.0,3122.0,2517.0,2163.0,1739.0,3797.0,3642.0,2937.0,2523.0,2029.0
182,1.0,,3.0,,0.0,0.0,,0.0,0.0,1.0,0.0,0.0,0.0,25.0,51.0,76.0,102.0,127.0,152.0,178.0,,,,,,,,,0.0,,,,,,,,,,,,,,,,,,0.0,0.0,0.0,0.0,0.0,22.0,20.0,17.0,13.0,12.0,44.0,39.0,34.0,27.0,23.0,67.0,59.0,52.0,40.0,35.0,89.0,78.0,69.0,53.0,46.0,111.0,98.0,86.0,67.0,58.0,133.0,118.0,103.0,80.0,70.0,156.0,137.0,121.0,93.0,81.0
186,2.0,,4.0,,0.0,0.0,,0.0,0.0,1.0,0.0,0.0,0.0,7.0,15.0,22.0,30.0,37.0,44.0,52.0,,,,,,,,,0.0,,,,,,,,,,,,,,,,,,0.0,0.0,0.0,0.0,0.0,6.0,6.0,4.0,4.0,3.0,12.0,11.0,9.0,7.0,6.0,18.0,17.0,13.0,11.0,9.0,23.0,22.0,17.0,15.0,12.0,29.0,28.0,22.0,18.0,14.0,35.0,33.0,26.0,22.0,17.0,41.0,39.0,30.0,26.0,20.0
190,2.0,,4.0,,0.0,0.0,,0.0,0.0,1.0,0.0,0.0,0.0,106.0,211.0,317.0,422.0,528.0,634.0,739.0,,,,,,,,,0.0,,,,,,,,,,,,,,,,,,0.0,0.0,0.0,0.0,0.0,101.0,80.0,77.0,54.0,51.0,202.0,161.0,154.0,107.0,102.0,303.0,241.0,231.0,161.0,153.0,404.0,322.0,308.0,214.0,205.0,505.0,402.0,385.0,268.0,256.0,607.0,483.0,462.0,321.0,307.0,708.0,563.0,539.0,375.0,358.0
194,2.0,,4.0,,0.0,0.0,,0.0,0.0,1.0,0.0,0.0,0.0,56.0,112.0,168.0,224.0,280.0,336.0,392.0,,,,,,,,,0.0,,,,,,,,,,,,,,,,,,0.0,0.0,0.0,0.0,0.0,55.0,43.0,42.0,30.0,29.0,111.0,86.0,85.0,59.0,58.0,166.0,129.0,127.0,89.0,88.0,222.0,171.0,169.0,118.0,117.0,277.0,214.0,212.0,148.0,146.0,333.0,257.0,254.0,177.0,175.0,388.0,300.0,297.0,207.0,204.0
198,2.0,,4.0,,0.0,0.0,,0.0,0.0,1.0,0.0,0.0,0.0,77.0,155.0,232.0,310.0,387.0,464.0,542.0,,,,,,,,,0.0,,,,,,,,,,,,,,,,,,0.0,0.0,0.0,0.0,0.0,51.0,60.0,39.0,42.0,28.0,101.0,120.0,78.0,84.0,55.0,152.0,180.0,118.0,127.0,83.0,202.0,240.0,157.0,169.0,110.0,253.0,300.0,196.0,211.0,138.0,304.0,360.0,235.0,253.0,165.0,354.0,420.0,274.0,295.0,193.0
202,2.0,,4.0,,0.0,0.0,,0.0,0.0,1.0,0.0,0.0,0.0,108.0,215.0,323.0,430.0,538.0,645.0,753.0,,,,,,,,,0.0,,,,,,,,,,,,,,,,,,0.0,0.0,0.0,0.0,0.0,87.0,83.0,67.0,58.0,46.0,173.0,166.0,134.0,115.0,93.0,260.0,250.0,201.0,173.0,139.0,347.0,333.0,268.0,231.0,185.0,434.0,416.0,335.0,288.0,232.0,520.0,499.0,402.0,346.0,278.0,607.0,582.0,470.0,403.0,324.0
206,2.0,,4.0,,0.0,0.0,,0.0,0.0,1.0,0.0,0.0,0.0,4.0,8.0,12.0,16.0,21.0,25.0,29.0,,,,,,,,,0.0,,,,,,,,,,,,,,,,,,0.0,0.0,0.0,0.0,0.0,4.0,3.0,3.0,2.0,2.0,7.0,6.0,6.0,4.0,4.0,11.0,10.0,8.0,6.0,6.0,14.0,13.0,11.0,9.0,8.0,18.0,16.0,14.0,11.0,9.0,22.0,19.0,17.0,13.0,11.0,25.0,22.0,20.0,15.0,13.0
136,0.0,,1.0,,4.0,0.3,,0.0,0.0,1.0,0.0,0.0,0.0,0.0,0.0,0.0,0.0,0.0,0.0,0.0,,,,,,,,,0.0,42570.75,12697.5,152543.8728,200793.1864,12697.5,12697.5,,249042.5,56045.24566,32613.0,56045.24566,12697.5,56045.24566,56045.24566,104294.5592,22655.25,52528.5,,,,,,,,,,,,,,,,,,,,,,,,,,,,,,,,,,,,,,,,
140,0.0,,1.0,,4.0,0.3,,0.0,0.0,1.0,0.0,0.0,0.0,0.0,0.0,0.0,0.0,0.0,0.0,0.0,,,,,,,,,0.0,42570.75,12697.5,152543.8728,200793.1864,12697.5,12697.5,,249042.5,56045.24566,32613.0,56045.24566,12697.5,56045.24566,56045.24566,104294.5592,22655.25,52528.5,,,,,,,,,,,,,,,,,,,,,,,,,,,,,,,,,,,,,,,,
144,0.0,,1.0,,4.0,0.3,,0.0,0.0,1.0,0.0,0.0,0.0,0.0,0.0,0.0,0.0,0.0,0.0,0.0,,,,,,,,,0.0,42570.75,12697.5,152543.8728,200793.1864,12697.5,12697.5,,249042.5,56045.24566,32613.0,56045.24566,12697.5,56045.24566,56045.24566,104294.5592,22655.25,52528.5,,,,,,,,,,,,,,,,,,,,,,,,,,,,,,,,,,,,,,,,
151,0.0,,1.0,,4.0,0.3,,0.0,0.0,1.0,0.0,0.0,0.0,0.0,0.0,0.0,0.0,0.0,0.0,0.0,,,,,,,,,0.0,42570.75,12697.5,152543.8728,200793.1864,12697.5,12697.5,,249042.5,56045.24566,32613.0,56045.24566,12697.5,56045.24566,56045.24566,104294.5592,22655.25,52528.5,,,,,,,,,,,,,,,,,,,,,,,,,,,,,,,,,,,,,,,,
155,0.0,,1.0,,4.0,0.3,,0.0,0.0,1.0,0.0,0.0,0.0,0.0,0.0,0.0,0.0,0.0,0.0,0.0,,,,,,,,,0.0,42570.75,12697.5,152543.8728,200793.1864,12697.5,12697.5,,249042.5,56045.24566,32613.0,56045.24566,12697.5,56045.24566,56045.24566,104294.5592,22655.25,52528.5,,,,,,,,,,,,,,,,,,,,,,,,,,,,,,,,,,,,,,,,
159,0.0,,1.0,,4.0,0.3,,0.0,0.0,1.0,0.0,0.0,0.0,0.0,0.0,0.0,0.0,0.0,0.0,0.0,,,,,,,,,0.0,42570.75,12697.5,152543.8728,200793.1864,12697.5,12697.5,,249042.5,56045.24566,32613.0,56045.24566,12697.5,56045.24566,56045.24566,104294.5592,22655.25,52528.5,,,,,,,,,,,,,,,,,,,,,,,,,,,,,,,,,,,,,,,,
211,1.0,,1.0,,24.0,0.2,,0.0,0.0,1.0,0.0,0.0,0.0,0.0,0.0,0.0,0.0,0.0,0.0,0.0,,,,,,,,,0.0,,,,,,,,,,,,,,,,,,,,,,,,,,,,,,,,,,,,,,,,,,,,,,,,,,,,,,,,,
215,1.0,,1.0,,24.0,0.2,,0.0,0.0,1.0,0.0,0.0,0.0,0.0,0.0,0.0,0.0,0.0,0.0,0.0,,,,,,,,,0.0,,,,,,,,,,,,,,,,,,,,,,,,,,,,,,,,,,,,,,,,,,,,,,,,,,,,,,,,,
219,1.0,,1.0,,24.0,0.2,,0.0,0.0,1.0,0.0,0.0,0.0,0.0,0.0,0.0,0.0,0.0,0.0,0.0,,,,,,,,,0.0,,,,,,,,,,,,,,,,,,,,,,,,,,,,,,,,,,,,,,,,,,,,,,,,,,,,,,,,,
223,1.0,,1.0,,24.0,0.2,,0.0,0.0,1.0,0.0,0.0,0.0,0.0,0.0,0.0,0.0,0.0,0.0,0.0,,,,,,,,,0.0,,,,,,,,,,,,,,,,,,,,,,,,,,,,,,,,,,,,,,,,,,,,,,,,,,,,,,,,,
227,1.0,,1.0,,24.0,0.2,,0.0,0.0,1.0,0.0,0.0,0.0,0.0,0.0,0.0,0.0,0.0,0.0,0.0,,,,,,,,,0.0,,,,,,,,,,,,,,,,,,,,,,,,,,,,,,,,,,,,,,,,,,,,,,,,,,,,,,,,,
231,1.0,,1.0,,24.0,0.2,,0.0,0.0,1.0,0.0,0.0,0.0,0.0,0.0,0.0,0.0,0.0,0.0,0.0,,,,,,,,,0.0,,,,,,,,,,,,,,,,,,,,,,,,,,,,,,,,,,,,,,,,,,,,,,,,,,,,,,,,,
163,1.0,,3.0,,0.0,0.0,,0.0,0.0,1.0,0.0,0.0,0.0,86.0,173.0,259.0,346.0,432.0,519.0,605.0,,,,,,,,,0.0,,,,,,,,,,,,,,,,,,0.0,0.0,0.0,0.0,0.0,74.0,71.0,60.0,55.0,46.0,148.0,142.0,120.0,111.0,92.0,222.0,213.0,180.0,166.0,138.0,296.0,284.0,240.0,221.0,185.0,370.0,355.0,300.0,277.0,231.0,444.0,426.0,361.0,332.0,277.0,518.0,497.0,421.0,387.0,323.0
167,1.0,,3.0,,0.0,0.0,,0.0,0.0,1.0,0.0,0.0,0.0,165.0,329.0,494.0,659.0,823.0,988.0,1152.0,,,,,,,,,0.0,,,,,,,,,,,,,,,,,,0.0,0.0,0.0,0.0,0.0,148.0,138.0,123.0,112.0,99.0,295.0,277.0,247.0,223.0,197.0,443.0,415.0,370.0,335.0,296.0,591.0,554.0,494.0,446.0,394.0,739.0,692.0,617.0,558.0,493.0,886.0,831.0,741.0,670.0,591.0,1034.0,969.0,864.0,781.0,690.0
171,1.0,,3.0,,0.0,0.0,,0.0,0.0,1.0,0.0,0.0,0.0,15.0,29.0,44.0,59.0,73.0,88.0,103.0,,,,,,,,,0.0,,,,,,,,,,,,,,,,,,0.0,0.0,0.0,0.0,0.0,12.0,14.0,11.0,14.0,11.0,24.0,28.0,23.0,28.0,23.0,36.0,42.0,34.0,42.0,34.0,48.0,56.0,46.0,56.0,45.0,60.0,71.0,57.0,70.0,56.0,72.0,85.0,69.0,84.0,68.0,84.0,99.0,80.0,97.0,79.0
175,1.0,,3.0,,0.0,0.0,,0.0,0.0,1.0,0.0,0.0,0.0,403.0,806.0,1208.0,1611.0,2014.0,2417.0,2820.0,,,,,,,,,0.0,,,,,,,,,,,,,,,,,,0.0,0.0,0.0,0.0,0.0,236.0,307.0,179.0,211.0,123.0,472.0,614.0,358.0,422.0,246.0,708.0,920.0,537.0,633.0,369.0,943.0,1227.0,716.0,844.0,492.0,1179.0,1534.0,895.0,1055.0,615.0,1415.0,1841.0,1074.0,1266.0,739.0,1651.0,2148.0,1253.0,1477.0,862.0
179,1.0,,3.0,,0.0,0.0,,0.0,0.0,1.0,0.0,0.0,0.0,375.0,751.0,1126.0,1501.0,1876.0,2252.0,2627.0,,,,,,,,,0.0,,,,,,,,,,,,,,,,,,0.0,0.0,0.0,0.0,0.0,291.0,295.0,228.0,209.0,162.0,581.0,590.0,456.0,418.0,325.0,872.0,884.0,684.0,627.0,487.0,1163.0,1179.0,912.0,836.0,649.0,1453.0,1474.0,1141.0,1044.0,812.0,1744.0,1769.0,1369.0,1253.0,974.0,2035.0,2064.0,1597.0,1462.0,1136.0
183,1.0,,3.0,,0.0,0.0,,0.0,0.0,1.0,0.0,0.0,0.0,106.0,212.0,317.0,423.0,529.0,635.0,740.0,,,,,,,,,0.0,,,,,,,,,,,,,,,,,,0.0,0.0,0.0,0.0,0.0,96.0,84.0,76.0,56.0,51.0,192.0,167.0,152.0,112.0,101.0,288.0,251.0,227.0,168.0,152.0,384.0,334.0,303.0,223.0,202.0,480.0,418.0,379.0,279.0,253.0,576.0,502.0,455.0,335.0,303.0,672.0,585.0,531.0,391.0,354.0
187,2.0,,4.0,,0.0,0.0,,0.0,0.0,1.0,0.0,0.0,0.0,15.0,29.0,44.0,58.0,73.0,87.0,102.0,,,,,,,,,0.0,,,,,,,,,,,,,,,,,,0.0,0.0,0.0,0.0,0.0,12.0,12.0,10.0,9.0,8.0,25.0,24.0,20.0,19.0,16.0,37.0,36.0,30.0,28.0,23.0,50.0,48.0,41.0,37.0,31.0,62.0,60.0,51.0,47.0,39.0,75.0,72.0,61.0,56.0,47.0,87.0,84.0,71.0,65.0,54.0
191,2.0,,4.0,,0.0,0.0,,0.0,0.0,1.0,0.0,0.0,0.0,27.0,53.0,80.0,106.0,133.0,159.0,186.0,,,,,,,,,0.0,,,,,,,,,,,,,,,,,,0.0,0.0,0.0,0.0,0.0,24.0,22.0,20.0,18.0,16.0,48.0,45.0,40.0,36.0,32.0,71.0,67.0,60.0,54.0,48.0,95.0,89.0,80.0,72.0,64.0,119.0,112.0,100.0,90.0,79.0,143.0,134.0,120.0,108.0,95.0,167.0,156.0,139.0,126.0,111.0
195,2.0,,4.0,,0.0,0.0,,0.0,0.0,1.0,0.0,0.0,0.0,2.0,5.0,7.0,9.0,11.0,14.0,16.0,,,,,,,,,0.0,,,,,,,,,,,,,,,,,,0.0,0.0,0.0,0.0,0.0,2.0,2.0,2.0,2.0,2.0,4.0,4.0,4.0,4.0,3.0,6.0,7.0,5.0,6.0,5.0,7.0,9.0,7.0,9.0,7.0,9.0,11.0,9.0,11.0,9.0,11.0,13.0,11.0,13.0,10.0,13.0,15.0,12.0,15.0,12.0
199,2.0,,4.0,,0.0,0.0,,0.0,0.0,1.0,0.0,0.0,0.0,71.0,142.0,213.0,283.0,354.0,425.0,496.0,,,,,,,,,0.0,,,,,,,,,,,,,,,,,,0.0,0.0,0.0,0.0,0.0,41.0,54.0,31.0,37.0,22.0,83.0,108.0,63.0,74.0,43.0,124.0,162.0,94.0,111.0,65.0,166.0,216.0,126.0,149.0,87.0,207.0,270.0,157.0,186.0,108.0,249.0,324.0,189.0,223.0,130.0,290.0,378.0,220.0,260.0,152.0
203,2.0,,4.0,,0.0,0.0,,0.0,0.0,1.0,0.0,0.0,0.0,60.0,119.0,179.0,239.0,298.0,358.0,418.0,,,,,,,,,0.0,,,,,,,,,,,,,,,,,,0.0,0.0,0.0,0.0,0.0,46.0,47.0,36.0,33.0,26.0,92.0,94.0,73.0,66.0,52.0,139.0,141.0,109.0,100.0,77.0,185.0,187.0,145.0,133.0,103.0,231.0,234.0,181.0,166.0,129.0,277.0,281.0,218.0,199.0,155.0,324.0,328.0,254.0,233.0,181.0
207,2.0,,4.0,,0.0,0.0,,0.0,0.0,1.0,0.0,0.0,0.0,15.0,30.0,46.0,61.0,76.0,91.0,106.0,,,,,,,,,0.0,,,,,,,,,,,,,,,,,,0.0,0.0,0.0,0.0,0.0,14.0,12.0,11.0,8.0,7.0,28.0,24.0,22.0,16.0,15.0,41.0,36.0,33.0,24.0,22.0,55.0,48.0,44.0,32.0,29.0,69.0,60.0,54.0,40.0,36.0,83.0,72.0,65.0,48.0,44.0,97.0,84.0,76.0,56.0,51.0
137,0.0,,1.0,,4.0,0.3,,0.0,0.0,1.0,0.0,0.0,0.0,0.0,0.0,0.0,0.0,0.0,0.0,0.0,,,,,,,,,0.0,42570.75,12697.5,152543.8728,200793.1864,12697.5,12697.5,,249042.5,56045.24566,32613.0,56045.24566,12697.5,56045.24566,56045.24566,104294.5592,22655.25,52528.5,,,,,,,,,,,,,,,,,,,,,,,,,,,,,,,,,,,,,,,,
141,0.0,,1.0,,4.0,0.3,,0.0,0.0,1.0,0.0,0.0,0.0,0.0,0.0,0.0,0.0,0.0,0.0,0.0,,,,,,,,,0.0,42570.75,12697.5,152543.8728,200793.1864,12697.5,12697.5,,249042.5,56045.24566,32613.0,56045.24566,12697.5,56045.24566,56045.24566,104294.5592,22655.25,52528.5,,,,,,,,,,,,,,,,,,,,,,,,,,,,,,,,,,,,,,,,
145,0.0,,1.0,,4.0,0.3,,0.0,0.0,1.0,0.0,0.0,0.0,0.0,0.0,0.0,0.0,0.0,0.0,0.0,,,,,,,,,0.0,42570.75,12697.5,152543.8728,200793.1864,12697.5,12697.5,,249042.5,56045.24566,32613.0,56045.24566,12697.5,56045.24566,56045.24566,104294.5592,22655.25,52528.5,,,,,,,,,,,,,,,,,,,,,,,,,,,,,,,,,,,,,,,,
152,0.0,,1.0,,4.0,0.3,,0.0,0.0,1.0,0.0,0.0,0.0,0.0,0.0,0.0,0.0,0.0,0.0,0.0,,,,,,,,,0.0,42570.75,12697.5,152543.8728,200793.1864,12697.5,12697.5,,249042.5,56045.24566,32613.0,56045.24566,12697.5,56045.24566,56045.24566,104294.5592,22655.25,52528.5,,,,,,,,,,,,,,,,,,,,,,,,,,,,,,,,,,,,,,,,
156,0.0,,1.0,,4.0,0.3,,0.0,0.0,1.0,0.0,0.0,0.0,0.0,0.0,0.0,0.0,0.0,0.0,0.0,,,,,,,,,0.0,42570.75,12697.5,152543.8728,200793.1864,12697.5,12697.5,,249042.5,56045.24566,32613.0,56045.24566,12697.5,56045.24566,56045.24566,104294.5592,22655.25,52528.5,,,,,,,,,,,,,,,,,,,,,,,,,,,,,,,,,,,,,,,,
160,0.0,,1.0,,4.0,0.3,,0.0,0.0,1.0,0.0,0.0,0.0,0.0,0.0,0.0,0.0,0.0,0.0,0.0,,,,,,,,,0.0,42570.75,12697.5,152543.8728,200793.1864,12697.5,12697.5,,249042.5,56045.24566,32613.0,56045.24566,12697.5,56045.24566,56045.24566,104294.5592,22655.25,52528.5,,,,,,,,,,,,,,,,,,,,,,,,,,,,,,,,,,,,,,,,
212,1.0,,1.0,,24.0,0.2,,0.0,0.0,1.0,0.0,0.0,0.0,0.0,0.0,0.0,0.0,0.0,0.0,0.0,,,,,,,,,0.0,,,,,,,,,,,,,,,,,,,,,,,,,,,,,,,,,,,,,,,,,,,,,,,,,,,,,,,,,
216,1.0,,1.0,,24.0,0.2,,0.0,0.0,1.0,0.0,0.0,0.0,0.0,0.0,0.0,0.0,0.0,0.0,0.0,,,,,,,,,0.0,,,,,,,,,,,,,,,,,,,,,,,,,,,,,,,,,,,,,,,,,,,,,,,,,,,,,,,,,
220,1.0,,1.0,,24.0,0.2,,0.0,0.0,1.0,0.0,0.0,0.0,0.0,0.0,0.0,0.0,0.0,0.0,0.0,,,,,,,,,0.0,,,,,,,,,,,,,,,,,,,,,,,,,,,,,,,,,,,,,,,,,,,,,,,,,,,,,,,,,
224,1.0,,1.0,,24.0,0.2,,0.0,0.0,1.0,0.0,0.0,0.0,0.0,0.0,0.0,0.0,0.0,0.0,0.0,,,,,,,,,0.0,,,,,,,,,,,,,,,,,,,,,,,,,,,,,,,,,,,,,,,,,,,,,,,,,,,,,,,,,
228,1.0,,1.0,,24.0,0.2,,0.0,0.0,1.0,0.0,0.0,0.0,0.0,0.0,0.0,0.0,0.0,0.0,0.0,,,,,,,,,0.0,,,,,,,,,,,,,,,,,,,,,,,,,,,,,,,,,,,,,,,,,,,,,,,,,,,,,,,,,
232,1.0,,1.0,,24.0,0.2,,0.0,0.0,1.0,0.0,0.0,0.0,0.0,0.0,0.0,0.0,0.0,0.0,0.0,,,,,,,,,0.0,,,,,,,,,,,,,,,,,,,,,,,,,,,,,,,,,,,,,,,,,,,,,,,,,,,,,,,,,
164,1.0,,3.0,,0.0,0.0,,0.0,0.0,1.0,0.0,0.0,0.0,109.0,218.0,327.0,436.0,545.0,654.0,763.0,,,,,,,,,0.0,,,,,,,,,,,,,,,,,,0.0,0.0,0.0,0.0,0.0,87.0,82.0,66.0,55.0,44.0,174.0,165.0,132.0,110.0,88.0,261.0,247.0,198.0,166.0,131.0,348.0,330.0,264.0,221.0,175.0,435.0,412.0,329.0,276.0,219.0,522.0,495.0,395.0,331.0,263.0,610.0,577.0,461.0,386.0,306.0
168,1.0,,3.0,,0.0,0.0,,0.0,0.0,1.0,0.0,0.0,0.0,403.0,807.0,1210.0,1614.0,2017.0,2420.0,2824.0,,,,,,,,,0.0,,,,,,,,,,,,,,,,,,0.0,0.0,0.0,0.0,0.0,383.0,307.0,291.0,219.0,208.0,766.0,614.0,583.0,439.0,416.0,1149.0,921.0,874.0,658.0,623.0,1532.0,1229.0,1166.0,877.0,831.0,1915.0,1536.0,1457.0,1097.0,1039.0,2298.0,1843.0,1748.0,1316.0,1247.0,2681.0,2150.0,2040.0,1536.0,1455.0
172,1.0,,3.0,,0.0,0.0,,0.0,0.0,1.0,0.0,0.0,0.0,497.0,994.0,1491.0,1988.0,2485.0,2981.0,3478.0,,,,,,,,,0.0,,,,,,,,,,,,,,,,,,0.0,0.0,0.0,0.0,0.0,489.0,370.0,364.0,253.0,249.0,979.0,739.0,728.0,506.0,498.0,1468.0,1109.0,1092.0,759.0,747.0,1957.0,1479.0,1456.0,1012.0,996.0,2446.0,1849.0,1820.0,1264.0,1245.0,2936.0,2218.0,2184.0,1517.0,1494.0,3425.0,2588.0,2548.0,1770.0,1743.0
176,1.0,,3.0,,0.0,0.0,,0.0,0.0,1.0,0.0,0.0,0.0,155.0,311.0,466.0,622.0,777.0,933.0,1088.0,,,,,,,,,0.0,,,,,,,,,,,,,,,,,,0.0,0.0,0.0,0.0,0.0,117.0,130.0,97.0,103.0,77.0,234.0,260.0,195.0,206.0,153.0,351.0,390.0,292.0,308.0,230.0,468.0,520.0,390.0,411.0,307.0,585.0,650.0,487.0,514.0,383.0,702.0,780.0,584.0,617.0,460.0,819.0,910.0,682.0,720.0,537.0
180,1.0,,3.0,,0.0,0.0,,0.0,0.0,1.0,0.0,0.0,0.0,154.0,308.0,462.0,617.0,771.0,925.0,1079.0,,,,,,,,,0.0,,,,,,,,,,,,,,,,,,0.0,0.0,0.0,0.0,0.0,134.0,116.0,101.0,79.0,69.0,268.0,233.0,202.0,159.0,138.0,402.0,349.0,303.0,238.0,207.0,536.0,465.0,404.0,318.0,277.0,670.0,582.0,505.0,397.0,346.0,804.0,698.0,606.0,477.0,415.0,938.0,814.0,707.0,556.0,484.0
184,1.0,,3.0,,0.0,0.0,,0.0,0.0,1.0,0.0,0.0,0.0,164.0,329.0,493.0,657.0,821.0,986.0,1150.0,,,,,,,,,0.0,,,,,,,,,,,,,,,,,,0.0,0.0,0.0,0.0,0.0,145.0,126.0,111.0,90.0,79.0,290.0,252.0,222.0,179.0,158.0,435.0,377.0,332.0,269.0,237.0,580.0,503.0,443.0,359.0,316.0,725.0,629.0,554.0,448.0,396.0,870.0,755.0,665.0,538.0,475.0,1015.0,880.0,776.0,627.0,554.0
188,2.0,,4.0,,0.0,0.0,,0.0,0.0,1.0,0.0,0.0,0.0,20.0,40.0,60.0,80.0,100.0,120.0,140.0,,,,,,,,,0.0,,,,,,,,,,,,,,,,,,0.0,0.0,0.0,0.0,0.0,16.0,15.0,12.0,10.0,8.0,32.0,30.0,24.0,20.0,16.0,48.0,45.0,36.0,30.0,24.0,64.0,60.0,48.0,40.0,32.0,80.0,76.0,60.0,51.0,40.0,96.0,91.0,72.0,61.0,48.0,112.0,106.0,84.0,71.0,56.0
192,2.0,,4.0,,0.0,0.0,,0.0,0.0,1.0,0.0,0.0,0.0,64.0,128.0,193.0,257.0,321.0,385.0,450.0,,,,,,,,,0.0,,,,,,,,,,,,,,,,,,0.0,0.0,0.0,0.0,0.0,61.0,49.0,46.0,35.0,33.0,122.0,98.0,93.0,70.0,66.0,183.0,147.0,139.0,105.0,99.0,244.0,196.0,186.0,140.0,132.0,305.0,245.0,232.0,175.0,165.0,366.0,293.0,278.0,210.0,199.0,427.0,342.0,325.0,244.0,232.0
196,2.0,,4.0,,0.0,0.0,,0.0,0.0,1.0,0.0,0.0,0.0,78.0,156.0,233.0,311.0,389.0,467.0,544.0,,,,,,,,,0.0,,,,,,,,,,,,,,,,,,0.0,0.0,0.0,0.0,0.0,77.0,58.0,57.0,40.0,39.0,153.0,116.0,114.0,79.0,78.0,230.0,174.0,171.0,119.0,117.0,306.0,231.0,228.0,158.0,156.0,383.0,289.0,285.0,198.0,195.0,459.0,347.0,342.0,237.0,234.0,536.0,405.0,399.0,277.0,273.0
200,2.0,,4.0,,0.0,0.0,,0.0,0.0,1.0,0.0,0.0,0.0,27.0,54.0,80.0,107.0,134.0,161.0,188.0,,,,,,,,,0.0,,,,,,,,,,,,,,,,,,0.0,0.0,0.0,0.0,0.0,20.0,22.0,17.0,18.0,13.0,40.0,45.0,34.0,35.0,26.0,61.0,67.0,50.0,53.0,40.0,81.0,90.0,67.0,71.0,53.0,101.0,112.0,84.0,89.0,66.0,121.0,134.0,101.0,106.0,79.0,141.0,157.0,118.0,124.0,93.0
204,2.0,,4.0,,0.0,0.0,,0.0,0.0,1.0,0.0,0.0,0.0,26.0,53.0,79.0,105.0,132.0,158.0,185.0,,,,,,,,,0.0,,,,,,,,,,,,,,,,,,0.0,0.0,0.0,0.0,0.0,23.0,20.0,17.0,14.0,12.0,46.0,40.0,35.0,27.0,24.0,69.0,60.0,52.0,41.0,35.0,92.0,80.0,69.0,54.0,47.0,115.0,100.0,86.0,68.0,59.0,138.0,119.0,104.0,82.0,71.0,161.0,139.0,121.0,95.0,83.0
208,2.0,,4.0,,0.0,0.0,,0.0,0.0,1.0,0.0,0.0,0.0,26.0,52.0,77.0,103.0,129.0,155.0,180.0,,,,,,,,,0.0,,,,,,,,,,,,,,,,,,0.0,0.0,0.0,0.0,0.0,23.0,20.0,17.0,14.0,12.0,45.0,39.0,35.0,28.0,25.0,68.0,59.0,52.0,42.0,37.0,91.0,79.0,70.0,56.0,50.0,114.0,99.0,87.0,70.0,62.0,136.0,118.0,104.0,84.0,74.0,159.0,138.0,122.0,98.0,87.0
138,0.0,,1.0,,4.0,0.3,,0.0,0.0,1.0,0.0,0.0,0.0,0.0,0.0,0.0,0.0,0.0,0.0,0.0,,,,,,,,,0.0,42570.75,12697.5,152543.8728,200793.1864,12697.5,12697.5,,249042.5,56045.24566,32613.0,56045.24566,12697.5,56045.24566,56045.24566,104294.5592,22655.25,52528.5,,,,,,,,,,,,,,,,,,,,,,,,,,,,,,,,,,,,,,,,
142,0.0,,1.0,,4.0,0.3,,0.0,0.0,1.0,0.0,0.0,0.0,0.0,0.0,0.0,0.0,0.0,0.0,0.0,,,,,,,,,0.0,42570.75,12697.5,152543.8728,200793.1864,12697.5,12697.5,,249042.5,56045.24566,32613.0,56045.24566,12697.5,56045.24566,56045.24566,104294.5592,22655.25,52528.5,,,,,,,,,,,,,,,,,,,,,,,,,,,,,,,,,,,,,,,,
146,0.0,,1.0,,4.0,0.3,,0.0,0.0,1.0,0.0,0.0,0.0,0.0,0.0,0.0,0.0,0.0,0.0,0.0,,,,,,,,,0.0,42570.75,12697.5,152543.8728,200793.1864,12697.5,12697.5,,249042.5,56045.24566,32613.0,56045.24566,12697.5,56045.24566,56045.24566,104294.5592,22655.25,52528.5,,,,,,,,,,,,,,,,,,,,,,,,,,,,,,,,,,,,,,,,
153,0.0,,1.0,,4.0,0.3,,0.0,0.0,1.0,0.0,0.0,0.0,0.0,0.0,0.0,0.0,0.0,0.0,0.0,,,,,,,,,0.0,42570.75,12697.5,152543.8728,200793.1864,12697.5,12697.5,,249042.5,56045.24566,32613.0,56045.24566,12697.5,56045.24566,56045.24566,104294.5592,22655.25,52528.5,,,,,,,,,,,,,,,,,,,,,,,,,,,,,,,,,,,,,,,,
157,0.0,,1.0,,4.0,0.3,,0.0,0.0,1.0,0.0,0.0,0.0,0.0,0.0,0.0,0.0,0.0,0.0,0.0,,,,,,,,,0.0,42570.75,12697.5,152543.8728,200793.1864,12697.5,12697.5,,249042.5,56045.24566,32613.0,56045.24566,12697.5,56045.24566,56045.24566,104294.5592,22655.25,52528.5,,,,,,,,,,,,,,,,,,,,,,,,,,,,,,,,,,,,,,,,
161,0.0,,1.0,,4.0,0.3,,0.0,0.0,1.0,0.0,0.0,0.0,0.0,0.0,0.0,0.0,0.0,0.0,0.0,,,,,,,,,0.0,42570.75,12697.5,152543.8728,200793.1864,12697.5,12697.5,,249042.5,56045.24566,32613.0,56045.24566,12697.5,56045.24566,56045.24566,104294.5592,22655.25,52528.5,,,,,,,,,,,,,,,,,,,,,,,,,,,,,,,,,,,,,,,,
213,1.0,,1.0,,24.0,0.2,,0.0,0.0,1.0,0.0,0.0,0.0,0.0,0.0,0.0,0.0,0.0,0.0,0.0,,,,,,,,,0.0,,,,,,,,,,,,,,,,,,,,,,,,,,,,,,,,,,,,,,,,,,,,,,,,,,,,,,,,,
217,1.0,,1.0,,24.0,0.2,,0.0,0.0,1.0,0.0,0.0,0.0,0.0,0.0,0.0,0.0,0.0,0.0,0.0,,,,,,,,,0.0,,,,,,,,,,,,,,,,,,,,,,,,,,,,,,,,,,,,,,,,,,,,,,,,,,,,,,,,,
221,1.0,,1.0,,24.0,0.2,,0.0,0.0,1.0,0.0,0.0,0.0,0.0,0.0,0.0,0.0,0.0,0.0,0.0,,,,,,,,,0.0,,,,,,,,,,,,,,,,,,,,,,,,,,,,,,,,,,,,,,,,,,,,,,,,,,,,,,,,,
225,1.0,,1.0,,24.0,0.2,,0.0,0.0,1.0,0.0,0.0,0.0,0.0,0.0,0.0,0.0,0.0,0.0,0.0,,,,,,,,,0.0,,,,,,,,,,,,,,,,,,,,,,,,,,,,,,,,,,,,,,,,,,,,,,,,,,,,,,,,,
229,1.0,,1.0,,24.0,0.2,,0.0,0.0,1.0,0.0,0.0,0.0,0.0,0.0,0.0,0.0,0.0,0.0,0.0,,,,,,,,,0.0,,,,,,,,,,,,,,,,,,,,,,,,,,,,,,,,,,,,,,,,,,,,,,,,,,,,,,,,,
233,1.0,,1.0,,24.0,0.2,,0.0,0.0,1.0,0.0,0.0,0.0,0.0,0.0,0.0,0.0,0.0,0.0,0.0,,,,,,,,,0.0,,,,,,,,,,,,,,,,,,,,,,,,,,,,,,,,,,,,,,,,,,,,,,,,,,,,,,,,,
165,1.0,,3.0,,0.0,0.0,,0.0,0.0,1.0,0.0,0.0,0.0,214.0,428.0,642.0,856.0,1069.0,1283.0,1497.0,,,,,,,,,0.0,,,,,,,,,,,,,,,,,,0.0,0.0,0.0,0.0,0.0,188.0,162.0,142.0,111.0,97.0,376.0,323.0,285.0,222.0,194.0,564.0,485.0,427.0,333.0,291.0,753.0,647.0,569.0,443.0,388.0,941.0,808.0,711.0,554.0,485.0,1129.0,970.0,854.0,665.0,582.0,1317.0,1132.0,996.0,776.0,679.0
169,1.0,,3.0,,0.0,0.0,,0.0,0.0,1.0,0.0,0.0,0.0,18.0,36.0,54.0,72.0,90.0,108.0,126.0,,,,,,,,,0.0,,,,,,,,,,,,,,,,,,0.0,0.0,0.0,0.0,0.0,17.0,14.0,13.0,9.0,8.0,34.0,28.0,27.0,17.0,16.0,51.0,43.0,40.0,26.0,24.0,68.0,57.0,54.0,34.0,32.0,86.0,71.0,67.0,43.0,40.0,103.0,85.0,81.0,51.0,48.0,120.0,99.0,94.0,60.0,56.0
173,1.0,,3.0,,0.0,0.0,,0.0,0.0,1.0,0.0,0.0,0.0,61.0,123.0,184.0,245.0,307.0,368.0,429.0,,,,,,,,,0.0,,,,,,,,,,,,,,,,,,0.0,0.0,0.0,0.0,0.0,58.0,49.0,46.0,37.0,35.0,116.0,98.0,92.0,74.0,70.0,174.0,147.0,139.0,112.0,105.0,232.0,196.0,185.0,149.0,140.0,289.0,245.0,231.0,186.0,175.0,347.0,295.0,277.0,223.0,210.0,405.0,344.0,324.0,261.0,245.0
177,1.0,,3.0,,0.0,0.0,,0.0,0.0,1.0,0.0,0.0,0.0,101.0,202.0,303.0,404.0,505.0,606.0,707.0,,,,,,,,,0.0,,,,,,,,,,,,,,,,,,0.0,0.0,0.0,0.0,0.0,54.0,77.0,40.0,53.0,28.0,107.0,153.0,80.0,106.0,55.0,161.0,230.0,120.0,160.0,83.0,214.0,307.0,160.0,213.0,110.0,268.0,383.0,201.0,266.0,138.0,321.0,460.0,241.0,319.0,166.0,375.0,537.0,281.0,373.0,193.0
181,1.0,,3.0,,0.0,0.0,,0.0,0.0,1.0,0.0,0.0,0.0,212.0,424.0,636.0,848.0,1060.0,1272.0,1484.0,,,,,,,,,0.0,,,,,,,,,,,,,,,,,,0.0,0.0,0.0,0.0,0.0,189.0,176.0,157.0,140.0,125.0,379.0,351.0,313.0,280.0,250.0,568.0,527.0,470.0,421.0,375.0,757.0,703.0,627.0,561.0,499.0,946.0,879.0,783.0,701.0,624.0,1136.0,1054.0,940.0,841.0,749.0,1325.0,1230.0,1097.0,982.0,874.0
185,1.0,,3.0,,0.0,0.0,,0.0,0.0,1.0,0.0,0.0,0.0,36.0,71.0,107.0,142.0,178.0,213.0,249.0,,,,,,,,,0.0,,,,,,,,,,,,,,,,,,0.0,0.0,0.0,0.0,0.0,33.0,29.0,27.0,24.0,22.0,66.0,59.0,55.0,47.0,44.0,100.0,88.0,82.0,71.0,66.0,133.0,118.0,110.0,94.0,88.0,166.0,147.0,137.0,118.0,110.0,199.0,177.0,164.0,142.0,132.0,232.0,206.0,192.0,165.0,154.0
189,2.0,,4.0,,0.0,0.0,,0.0,0.0,1.0,0.0,0.0,0.0,36.0,71.0,107.0,142.0,178.0,213.0,249.0,,,,,,,,,0.0,,,,,,,,,,,,,,,,,,0.0,0.0,0.0,0.0,0.0,31.0,27.0,24.0,18.0,16.0,63.0,54.0,47.0,37.0,32.0,94.0,81.0,71.0,55.0,48.0,125.0,107.0,95.0,74.0,64.0,156.0,134.0,118.0,92.0,81.0,188.0,161.0,142.0,111.0,97.0,219.0,188.0,166.0,129.0,113.0
193,2.0,,4.0,,0.0,0.0,,0.0,0.0,1.0,0.0,0.0,0.0,4.0,8.0,13.0,17.0,21.0,25.0,29.0,,,,,,,,,0.0,,,,,,,,,,,,,,,,,,0.0,0.0,0.0,0.0,0.0,4.0,3.0,3.0,2.0,2.0,8.0,7.0,6.0,4.0,4.0,12.0,10.0,9.0,6.0,6.0,16.0,13.0,12.0,8.0,7.0,20.0,16.0,16.0,10.0,9.0,24.0,20.0,19.0,12.0,11.0,28.0,23.0,22.0,14.0,13.0
197,2.0,,4.0,,0.0,0.0,,0.0,0.0,1.0,0.0,0.0,0.0,10.0,19.0,29.0,39.0,48.0,58.0,68.0,,,,,,,,,0.0,,,,,,,,,,,,,,,,,,0.0,0.0,0.0,0.0,0.0,9.0,8.0,7.0,6.0,6.0,18.0,16.0,15.0,12.0,11.0,27.0,23.0,22.0,18.0,17.0,37.0,31.0,29.0,24.0,22.0,46.0,39.0,37.0,29.0,28.0,55.0,47.0,44.0,35.0,33.0,64.0,54.0,51.0,41.0,39.0
201,2.0,,4.0,,0.0,0.0,,0.0,0.0,1.0,0.0,0.0,0.0,21.0,42.0,62.0,83.0,104.0,125.0,146.0,,,,,,,,,0.0,,,,,,,,,,,,,,,,,,0.0,0.0,0.0,0.0,0.0,11.0,16.0,8.0,11.0,6.0,22.0,32.0,17.0,22.0,11.0,33.0,47.0,25.0,33.0,17.0,44.0,63.0,33.0,44.0,23.0,55.0,79.0,41.0,55.0,28.0,66.0,95.0,50.0,66.0,34.0,77.0,111.0,58.0,77.0,40.0
205,2.0,,4.0,,0.0,0.0,,0.0,0.0,1.0,0.0,0.0,0.0,35.0,69.0,104.0,138.0,173.0,207.0,242.0,,,,,,,,,0.0,,,,,,,,,,,,,,,,,,0.0,0.0,0.0,0.0,0.0,31.0,29.0,26.0,23.0,20.0,62.0,57.0,51.0,46.0,41.0,92.0,86.0,77.0,68.0,61.0,123.0,114.0,102.0,91.0,81.0,154.0,143.0,128.0,114.0,102.0,185.0,172.0,153.0,137.0,122.0,216.0,200.0,179.0,160.0,142.0
209,2.0,,4.0,,0.0,0.0,,0.0,0.0,1.0,0.0,0.0,0.0,6.0,11.0,17.0,22.0,28.0,34.0,39.0,,,,,,,,,0.0,,,,,,,,,,,,,,,,,,0.0,0.0,0.0,0.0,0.0,5.0,5.0,4.0,4.0,3.0,10.0,9.0,9.0,7.0,7.0,16.0,14.0,13.0,11.0,10.0,21.0,19.0,17.0,15.0,14.0,26.0,23.0,22.0,19.0,17.0,31.0,28.0,26.0,22.0,21.0,37.0,33.0,30.0,26.0,24.0
